Bus_ID,Bus_Name,Cumulative_OTDF,Average_OTDF,Median_OTDF,Maximum_OTDF,Minimum_OTDF,Count,Worst_Circuit
0,Knockraha,38486.96814575576,0.8487213739774574,0.589820521303123,144.6204694753433,-9.633274745343199,45347,Transformer: Celtic
3,DromanaHV,35497.563289937,0.782798493614506,0.5570635732568237,47.73723643233308,-57.46804542460565,45347,"''Cullenagh' to   'Dromana'' (orig_from=1682, orig_to=3)"
5,CurraghtownHV,48181.53631480009,1.0625076921251702,0.7776067664176408,80.72208541748866,-14.475080057136285,45347,"'Paddock to Woodland' (orig_from=1859, orig_to=1430)"
6,HarlockstownsolarextHV,0.0,0.0,0.0,0.0,0.0,45347,"''INCHICORE' to  'Poolbeg Sout' 2' (orig_from=756, orig_to=1496)"
8,Garballagh2SolarHV,0.0,0.0,0.0,0.0,0.0,45347,"''INCHICORE' to  'Poolbeg Sout' 2' (orig_from=756, orig_to=1496)"
10,GormanSolarHV,39325.28407057735,0.8672080638317275,0.7939121238769802,43.86658645206253,-14.17621336594682,45347,"''maynooth' to  'Culmullin'' (orig_from=1540, orig_to=1823)"
13,Balruntagh,40176.30552810714,0.885974938322428,0.7874828697014952,42.271453601926105,-13.53120588197725,45347,"''maynooth' to  'Culmullin'' (orig_from=1540, orig_to=1823)"
15,ballymoneen,0.0,0.0,0.0,0.0,0.0,45347,"''INCHICORE' to  'Poolbeg Sout' 2' (orig_from=756, orig_to=1496)"
17,Ballyroe,0.0,0.0,0.0,0.0,0.0,45347,"''INCHICORE' to  'Poolbeg Sout' 2' (orig_from=756, orig_to=1496)"
19,Monvallet,0.0,0.0,0.0,0.0,0.0,45347,"''INCHICORE' to  'Poolbeg Sout' 2' (orig_from=756, orig_to=1496)"
21,Monatoreen,0.0,0.0,0.0,0.0,0.0,45347,"''INCHICORE' to  'Poolbeg Sout' 2' (orig_from=756, orig_to=1496)"
23,Derrylahan,0.0,0.0,0.0,0.0,0.0,45347,"''INCHICORE' to  'Poolbeg Sout' 2' (orig_from=756, orig_to=1496)"
25,Timoney,84946.00379086104,1.8732441791267567,0.5209044506109377,152.86437010858506,-24.53924434160382,45347,"''Cahir' to   'Kill Hill'' (orig_from=1709, orig_to=1651)"
27,CloninNorth,0.0,0.0,0.0,0.0,0.0,45347,"''INCHICORE' to  'Poolbeg Sout' 2' (orig_from=756, orig_to=1496)"
29,Lysaghtstown,93382.94085725085,2.0592969955509925,0.7752619696586633,142.44890979330657,-30.56639076532907,45347,"'Knockraha to Lysaghtstown' (orig_from=1594, orig_to=29)"
31,Dennistown,0.0,0.0,0.0,0.0,0.0,45347,"''INCHICORE' to  'Poolbeg Sout' 2' (orig_from=756, orig_to=1496)"
120,Knocknamona,31345.81109228426,0.6912433257389521,0.5767385268223453,70.5009287520685,-57.9033757235366,45347,"''Dungarvan' to   'Woodhouse'' (orig_from=1669, orig_to=1423)"
146,Orieloffsho,43594.051302515254,0.9613436677732872,0.7775876814433005,63.7409801950753,-13.982203950129952,45347,"'Paddock to Woodland' (orig_from=1859, orig_to=1430)"
147,Oriellandin,43594.061323191716,0.9613438887510026,0.7775878602782365,63.74099485283643,-13.982207165548227,45347,"'Paddock to Woodland' (orig_from=1859, orig_to=1430)"
148,Oriel,43594.13012278243,0.9613454059316477,0.7775890874242322,63.74109544247945,-13.982229230924522,45347,"'Paddock to Woodland' (orig_from=1859, orig_to=1430)"
149,CUREENY,48536.94246654179,1.0703451709383596,0.5767589615190086,22.6830912964939,-24.367080836937525,45347,"''Coolshamroge' to       'Ennis'' (orig_from=1801, orig_to=1652)"
151,SliabhBawn,64502.90859172013,1.422429457113373,1.7273088544638349,55.76577883252908,-64.08739009338758,45347,"''Flagford' to  'Sliabh Bawn'' (orig_from=1645, orig_to=151)"
152,BUNKIMALT,48536.97584607163,1.070345907029608,0.5767593581524545,22.683106897213058,-24.367097595840523,45347,"''Coolshamroge' to       'Ennis'' (orig_from=1801, orig_to=1652)"
176,Portan,0.0,0.0,0.0,0.0,0.0,45347,"''INCHICORE' to  'Poolbeg Sout' 2' (orig_from=756, orig_to=1496)"
301,Trien,47889.00484630812,1.056056736858185,0.5213997010806815,78.09489055384165,-18.61518845256012,45347,"''Knockanure' to       'Trien' 2' (orig_from=1600, orig_to=1442)"
315,TulbrkT,40078.81365024726,0.883825030327194,0.6103874317802477,11.716770600367461,-103.61235463677184,45347,"''Ardnacrusha' to    'Limerick'' (orig_from=1780, orig_to=1563)"
327,Carrickalang,305163.84031479736,6.7295265467351175,1.9845126423637534,156.27669565040247,-29.683528614061192,45347,"''Cath_Fall' to   'Srananagh'' (orig_from=1711, orig_to=1466)"
339,Tarbert,-90950.6810267738,-2.0056603750363595,0.26385986810467293,8.712843217825808,-205.00837885398727,45347,"''Corduff' to     'Finglas'' (orig_from=1679, orig_to=1640)"
340,CentralPark,-27178.252979710163,-0.5993396030544504,-0.2602207697556706,19.76063708753612,-36.74800481843798,45347,"''INCHICORE' to  'Poolbeg Sout'' (orig_from=756, orig_to=1496)"
344,StratfT,4570.779834509411,0.10079563884070414,0.4905786535308642,22.57298644044047,-78.46023042343276,45347,"''Coolnabacky' to  'Portlaoise'' (orig_from=1561, orig_to=1495)"
358,SomrstT,45191.430239856374,0.9965693483550483,1.11460797943523,41.89749907886891,-80.67767189978257,45347,"''Cashla' to  'Shantallow'' (orig_from=1718, orig_to=1454)"
390,SKL_CAP,0.0,0.0,0.0,0.0,0.0,45347,"''INCHICORE' to  'Poolbeg Sout' 2' (orig_from=756, orig_to=1496)"
485,OutaghT,49289.35675321817,1.0869375427970576,0.5370009326079506,50.68262451852682,-7.147147255304854,45347,"''Clahane' to       'Trien'' (orig_from=1716, orig_to=1442)"
563,Marina,0.0,0.0,0.0,0.0,0.0,45347,"''INCHICORE' to  'Poolbeg Sout' 2' (orig_from=756, orig_to=1496)"
624,Crory,0.0,0.0,0.0,0.0,0.0,45347,"''INCHICORE' to  'Poolbeg Sout' 2' (orig_from=756, orig_to=1496)"
631,Lisheen,0.0,0.0,0.0,0.0,0.0,45347,"''INCHICORE' to  'Poolbeg Sout' 2' (orig_from=756, orig_to=1496)"
663,Lisdrumdoagh,0.0,0.0,0.0,0.0,0.0,45347,"''INCHICORE' to  'Poolbeg Sout' 2' (orig_from=756, orig_to=1496)"
674,LouthB,40367.51429506061,0.890191507598311,0.7837253319408775,43.85652115659871,-17.084161366446555,45347,"''maynooth' to  'Culmullin'' (orig_from=1540, orig_to=1823)"
687,Kilpaddoge,45670.68728780575,1.007138008860691,0.5854355752347308,19.26273709350573,-38.739043223249126,45347,"''Great Island' to   Offshore GC 2' (orig_from=1626, orig_to=1853)"
707,Killonan2,48581.592463986395,1.0713298005157208,0.5532995383683825,21.483421864856137,-26.240403293781128,45347,"''Coolshamroge' to       'Ennis'' (orig_from=1801, orig_to=1652)"
739,Kilnap,69296.10595498825,1.5281298863207764,0.7780427656237195,107.0686719968369,-14.894126531878426,45347,"''Kilnap' to      'Marina'' (orig_from=739, orig_to=1526)"
744,KnockanureB,39836.67510649744,0.8784853486779156,0.39143558485242363,8.934619274882657,-7.147772182746398,45347,"''Corduff' to     'Finglas'' (orig_from=1679, orig_to=1640)"
752,IkerinT,85211.80943786942,1.8791057718894177,0.5108048617347937,152.86444458260175,-25.11107663456574,45347,"''Cahir' to   'Kill Hill'' (orig_from=1709, orig_to=1651)"
756,INCHICORE,-52991.01898048412,-1.1685672476786584,-0.2601471565577806,39.11975977403333,-37.360592835900796,45347,"''INCHICORE' to  'Poolbeg Sout'' (orig_from=756, orig_to=1496)"
774,Glenlara,0.0,0.0,0.0,0.0,0.0,45347,"''INCHICORE' to  'Poolbeg Sout' 2' (orig_from=756, orig_to=1496)"
776,Clogher,304919.32305199496,6.724134409155952,1.9854330090986398,156.34917283328988,-29.697295084627555,45347,"''Cath_Fall' to   'Srananagh'' (orig_from=1711, orig_to=1466)"
777,Clogher,284353.8134006692,6.270620182165726,1.9845375338009656,156.27865582591411,-128.71758979387522,45347,"''Cath_Fall' to   'Srananagh'' (orig_from=1711, orig_to=1466)"
784,GormanESS,0.0,0.0,0.0,0.0,0.0,45347,"''INCHICORE' to  'Poolbeg Sout' 2' (orig_from=756, orig_to=1496)"
792,GolaghT,323000.8771591145,7.122872012682526,2.0152913959055385,156.2809530423184,-29.684337272152,45347,"''Cath_Fall' to   'Srananagh'' (orig_from=1711, orig_to=1466)"
821,Griffinrath,10468.209093462094,0.230846783546036,0.24750659088700777,12.708620829489835,-29.092458400528606,45347,"''Coolnabacky' to  'Portlaoise'' (orig_from=1561, orig_to=1495)"
824,GrfratT,10468.210962513002,0.2308468247626745,0.24750663499141695,12.708623093921549,-29.092463584263022,45347,"''Coolnabacky' to  'Portlaoise'' (orig_from=1561, orig_to=1495)"
860,Fassaroe_T,-19495.970479207925,-0.4299285615191286,0.5026827404142281,12.510574372138327,-31.738014230572144,45347,"''INCHICORE' to  'Poolbeg Sout'' (orig_from=756, orig_to=1496)"
873,Slievecallan,41599.222058804255,0.9173533433039508,0.8212806931737805,31.671238719799863,-49.888535996654966,45347,"''Ardnacrusha' to    'Limerick'' (orig_from=1780, orig_to=1563)"
878,Dunfir_T,60934.64687221987,1.3437415236337547,1.509258235413877,105.65566881399361,-61.755234106886434,45347,"''Maynooth B' to    'Rinawade'' (orig_from=1539, orig_to=1481)"
896,Derryiron,0.0,0.0,0.0,0.0,0.0,45347,"''INCHICORE' to  'Poolbeg Sout' 2' (orig_from=756, orig_to=1496)"
907,DallowT,157044.09819505332,3.46316400633015,1.2369510171219846,181.58545707586737,-9.276933091227281,45347,"''Shannonbridg' to    'Dallow T'' (orig_from=1476, orig_to=907)"
1001,Buffy,0.0,0.0,0.0,0.0,0.0,45347,"''INCHICORE' to  'Poolbeg Sout' 2' (orig_from=756, orig_to=1496)"
1003,Corduff,0.0,0.0,0.0,0.0,0.0,45347,"''INCHICORE' to  'Poolbeg Sout' 2' (orig_from=756, orig_to=1496)"
1086,CookstownA,-27178.288964205494,-0.5993403965908548,-0.26022111431845135,19.76066325297672,-36.74805347756117,45347,"''INCHICORE' to  'Poolbeg Sout'' (orig_from=756, orig_to=1496)"
1090,Castlefarm,0.0,0.0,0.0,0.0,0.0,45347,"''INCHICORE' to  'Poolbeg Sout' 2' (orig_from=756, orig_to=1496)"
1095,Ckmn_PST,105092.66535223502,2.31752189455168,0.5220271917750818,67.88538611034333,-75.89339644927479,45347,"''INCHICORE' to  'Poolbeg Sout'' (orig_from=756, orig_to=1496)"
1097,CKM_Country,-10450.305007761432,-0.23045195950694491,0.503106973934331,13.431708770646845,-31.738127401017653,45347,"''INCHICORE' to  'Poolbeg Sout'' (orig_from=756, orig_to=1496)"
1117,CathFall,50017.9619931411,1.1030048733795201,1.6183332665096468,27.906540113670584,-42.21382930435764,45347,"''Carrick on S' to    'Arigna_T'' (orig_from=1695, orig_to=1401)"
1170,Clonkeen,41188.56114501365,0.9082973767837706,0.7324901310422725,17.971200836522886,-7.146739367662576,45347,"''Great Island' to   Offshore GC 2' (orig_from=1626, orig_to=1853)"
1171,Clashavoon,40587.74661663011,0.8950481093926855,0.7705878484567525,23.14540392929623,-35.624112155957796,45347,"''Great Island' to   Offshore GC 2' (orig_from=1626, orig_to=1853)"
1200,Bracetown,55305.19712261546,1.2195999100848007,0.2753441791332342,37.23589559652979,-64.6282111761514,45347,"''Clonee' to     'Corduff'' (orig_from=1731, orig_to=1679)"
1213,Brinny,38299.11753310927,0.8445788593095302,0.7336220080838305,26.847729766950668,-15.557278949021653,45347,"''Great Island' to   Offshore GC 2' (orig_from=1626, orig_to=1853)"
1224,BarrymT,62130.488613625166,1.3701124355221992,0.767194672223394,79.56696026269064,-94.9046210724382,45347,"''Knockraha' to    'Barrym T'' (orig_from=1597, orig_to=1224)"
1257,Croaghaun,208689.75920823863,4.602063184074771,1.6703142707841552,194.43063448716563,-14.069240245070738,45347,"''Bellacorick' to         'Moy'' (orig_from=1744, orig_to=1521)"
1259,Srahnakilly,208690.1226426497,4.6020711985941665,1.6703171797121632,194.43097309021064,-14.069264746842189,45347,"''Bellacorick' to         'Moy'' (orig_from=1744, orig_to=1521)"
1261,Bellacorick,208689.98458553958,4.602068154134553,1.6703160748172958,194.43084447223987,-14.069255439863069,45347,"''Bellacorick' to         'Moy'' (orig_from=1744, orig_to=1521)"
1305,BlakeT,22205.13631388695,0.48967156182078087,0.789677672853285,33.07464242473907,-27.456091886617116,45347,"''Maynooth A' to     'Timahoe'' (orig_from=1541, orig_to=1448)"
1358,Ballyvouskil,41189.398357358135,0.9083158391372778,0.7325050199972258,17.97156612324721,-7.146884633865895,45347,"''Great Island' to   Offshore GC 2' (orig_from=1626, orig_to=1853)"
1377,Athea-2,0.0,0.0,0.0,0.0,0.0,45347,"''INCHICORE' to  'Poolbeg Sout' 2' (orig_from=756, orig_to=1496)"
1401,Arigna_T,51354.579786551636,1.1324802034655355,1.6438109441432909,63.86000962065221,-25.771197918617794,45347,"''Carrick on S' to    'Arigna_T'' (orig_from=1695, orig_to=1401)"
1409,Longpoint,0.0,0.0,0.0,0.0,0.0,45347,"''INCHICORE' to  'Poolbeg Sout' 2' (orig_from=756, orig_to=1496)"
1420,Ardnacrusha,48537.88995785656,1.0703660651830675,0.5767702204421976,22.683534093877444,-24.36755650750022,45347,"''Coolshamroge' to       'Ennis'' (orig_from=1801, orig_to=1652)"
1423,Woodhouse,31345.81831889125,0.6912434851013574,0.5767386598051167,70.50094500808699,-57.90338907481008,45347,"''Dungarvan' to   'Woodhouse'' (orig_from=1669, orig_to=1423)"
1424,Whitebank,0.0,0.0,0.0,0.0,0.0,45347,"''INCHICORE' to  'Poolbeg Sout' 2' (orig_from=756, orig_to=1496)"
1425,Coomataggart,41189.25052319286,0.908312579072328,0.7325023906323197,17.971501620476108,-7.146858982542919,45347,"''Great Island' to   Offshore GC 2' (orig_from=1626, orig_to=1853)"
1426,WolfeTone,-193425.7859399223,-4.265459367541895,-0.25928649648129687,21.020576221275135,-83.21487859427583,45347,"''Castlebagot' to  'Maynooth A'' (orig_from=1568, orig_to=1538)"
1427,Wexford,17096.7633460328,0.3770208248843981,0.5126013484032941,32.699689768667206,-56.814551999117924,45347,"''Arklow' to   'Lodgewood'' (orig_from=1768, orig_to=1550)"
1428,Whitegate,38068.44222092197,0.8394919668538596,0.6664512803256885,61.60158128771745,-18.38887350926772,45347,"''Cow Cross' to  Rathcoursey' (orig_from=1691, orig_to=1857)"
1429,Woodland,31684.837128895502,0.6987195873794408,0.6783410569598805,12.643223885374127,-13.657302743350252,45347,"''Clonee' to    'Woodland'' (orig_from=1731, orig_to=1430)"
1430,Woodland,40668.07482520765,0.8968195211415894,0.7574145635883733,21.21669393679233,-16.61579467659924,45347,"''Castlebagot' to  'Maynooth A'' (orig_from=1568, orig_to=1538)"
1431,Waterford,23349.43362564654,0.5149058069033572,0.5378306776060395,48.939225776444516,-34.27494193977601,45347,"''Great Island' to   Offshore GC 2' (orig_from=1626, orig_to=1853)"
1432,Tipperary,73751.5928705063,1.6263830654840739,0.8013898975381879,115.60472228341217,-65.08495649308422,45347,"''Cahir' to   'Tipperary'' (orig_from=1709, orig_to=1432)"
1433,Trillick,323001.8227590761,7.122892865218781,2.015297295676984,156.28141056024134,-29.68442417407531,45347,"''Cath_Fall' to   'Srananagh'' (orig_from=1711, orig_to=1466)"
1434,Tonroe,58999.46286630457,1.3010665064128735,1.6398580097533033,88.89605666712639,-24.928468385873625,45347,"''Flagford' to      'Tonroe'' (orig_from=1645, orig_to=1434)"
1435,YellowMeadow,-27178.3391024972,-0.5993415022492602,-0.2602215943171914,19.76069970402464,-36.74812126423976,45347,"''INCHICORE' to  'Poolbeg Sout'' (orig_from=756, orig_to=1496)"
1436,Thornsberry,102451.73821188034,2.2592837059095494,1.0567770638145546,228.2565599154622,-260.4888528763261,45347,"''Derryiron' to  'Thornsberry'' (orig_from=1657, orig_to=1436)"
1437,Thurles,89743.96749495014,1.979049716518185,0.5364023779527168,152.866994076643,-34.89914878537915,45347,"''Cahir' to   'Kill Hill'' (orig_from=1709, orig_to=1651)"
1438,Tullabeg,12708.357656681077,0.2802469326897276,0.3112190223624619,21.846452599368185,-52.85901766831462,45347,"''Arklow' to   'Lodgewood'' (orig_from=1768, orig_to=1550)"
1439,Tralee,49161.35976993559,1.0841149308650095,0.54312323298918,57.53173151017336,-7.147326321822485,45347,"''Clahane' to       'Trien'' (orig_from=1716, orig_to=1442)"
1440,CAUTEEN,108470.65252175048,2.392013860271914,0.8626485480460515,141.38977560932562,-29.56412799079977,45347,"'Killonan to   Ballyvalode' (orig_from=707, orig_to=1860)"
1441,Cauteen,107157.166960882,2.363048646236399,0.8822884958770514,141.39004553525825,-25.745547812862238,45347,"'Killonan to   Ballyvalode' (orig_from=707, orig_to=1860)"
1442,Trien,48189.176909377864,1.0626761838573193,0.5267120456125192,78.09516033591069,-22.18605985820037,45347,"''Knockanure' to       'Trien' 2' (orig_from=1600, orig_to=1442)"
1443,TAWN_B,70220.49289321934,1.5485146292636633,1.5399089524967526,60.507907691358746,-24.31588093580075,45347,"''Cunghill' to       'Sligo'' (orig_from=1690, orig_to=1471)"
1444,Tawnaghmore,77049.54185640255,1.6991100151366694,1.5458730387720385,112.74731134420199,-115.53215226750959,45347,"''Moy' to  'Tawnaghmore'' (orig_from=1521, orig_to=1444)"
1445,Trinity,-2562338.9074334605,-56.505147141673326,-5.02243018453792,7.674956801940764,-208.63084296003598,45347,"''INCHICORE' to  'Poolbeg Sout'' (orig_from=756, orig_to=1496)"
1446,ShellybanksB,0.0,0.0,0.0,0.0,0.0,45347,"''INCHICORE' to  'Poolbeg Sout' 2' (orig_from=756, orig_to=1496)"
1447,Tullabrack,40078.77359601161,0.8838241470441619,0.6103868217672752,11.716758890374258,-103.61225108447145,45347,"''Ardnacrusha' to    'Limerick'' (orig_from=1780, orig_to=1563)"
1448,Timahoe,55606.882114210144,1.226252720449206,0.7534199412814585,92.08042014348224,-27.966997705358445,45347,"''Coolcarrigan' to     'Blake T'' (orig_from=1819, orig_to=1305)"
1449,TurloughHil,11319.783908611258,0.2496258607760438,-0.25622772909393704,4.749770196666543,-18.581496519127278,45347,"''Corduff' to     'Finglas'' (orig_from=1679, orig_to=1640)"
1450,Croaghnagawn,284350.36693495244,6.270544180099068,1.9845143298695462,156.27682855017278,-128.71683727874293,45347,"''Cath_Fall' to   'Srananagh'' (orig_from=1711, orig_to=1466)"
1451,Tievebrack,323060.43620712025,7.124185419258612,2.0156719887008374,156.3104670892172,-29.689943233103897,45347,"''Cath_Fall' to   'Srananagh'' (orig_from=1711, orig_to=1466)"
1452,Trabeg,30280.73119057079,0.6677559968811783,0.6329989716862496,28.213603428922397,-37.33671877762747,45347,"''Great Island' to   Offshore GC 2' (orig_from=1626, orig_to=1853)"
1453,Tynagh,43816.59358570133,0.9662512092465065,0.9849906523543323,9.647116253963507,-15.233202601477734,45347,"''Corduff' to     'Finglas'' (orig_from=1679, orig_to=1640)"
1454,Shantallow,55817.70754069136,1.230901879742681,1.0757636631933836,106.55085166317802,-24.067547466659487,45347,"''Cashla' to  'Shantallow'' (orig_from=1718, orig_to=1454)"
1455,Tarbert,39554.10206060494,0.8722539982932707,0.45314475135684157,9.214905140806158,-7.1481054110818985,45347,"''Corduff' to     'Finglas'' (orig_from=1679, orig_to=1640)"
1456,Tarbert,-90445.07788541244,-1.99451072585645,0.2646965356327361,8.712842529797419,-205.0082158732266,45347,"''Corduff' to     'Finglas'' (orig_from=1679, orig_to=1640)"
1457,Tarbert,-88390.42925103413,-1.9492012536889791,0.26564999760138824,8.71281755266088,-205.00599572040957,45347,"''Corduff' to     'Finglas'' (orig_from=1679, orig_to=1640)"
1458,Taney,-27178.293437688248,-0.5993404952408814,-0.2602211571716343,19.76066650652638,-36.74805952769892,45347,"''INCHICORE' to  'Poolbeg Sout'' (orig_from=756, orig_to=1496)"
1459,Shellybanks,6814.928569744453,0.1502840004795125,0.503278869425601,7.883629226628593,-33.92255093331637,45347,"''INCHICORE' to  'Poolbeg Sout'' (orig_from=756, orig_to=1496)"
1460,Snughborough,0.0,0.0,0.0,0.0,0.0,45347,"''INCHICORE' to  'Poolbeg Sout' 2' (orig_from=756, orig_to=1496)"
1461,Singland,48537.97285600486,1.070367893267578,0.5767712054467818,22.68357283444371,-24.367598124182646,45347,"''Coolshamroge' to       'Ennis'' (orig_from=1801, orig_to=1652)"
1462,SealRock,0.0,0.0,0.0,0.0,0.0,45347,"''INCHICORE' to  'Poolbeg Sout' 2' (orig_from=756, orig_to=1496)"
1463,Stratford,4570.7766776821145,0.10079556922579475,0.49057831540891017,22.57297088186221,-78.46017634429352,45347,"''Coolnabacky' to  'Portlaoise'' (orig_from=1561, orig_to=1495)"
1464,SealRock,0.0,0.0,0.0,0.0,0.0,45347,"''INCHICORE' to  'Poolbeg Sout' 2' (orig_from=756, orig_to=1496)"
1465,Srananagh,101267.70879252828,2.2331732814194605,1.6184910364446172,126.33270666470582,-19.11201162396239,45347,"''Flagford' to   'Srananagh'' (orig_from=1644, orig_to=1465)"
1466,Srananagh,49346.90571974752,1.0882066227037626,1.618410847587169,27.907877923200825,-42.21585298995129,45347,"''Carrick on S' to    'Arigna_T'' (orig_from=1695, orig_to=1401)"
1467,Stephenstown,47274.62463035174,1.042508316544683,0.4070093495887125,22.71006594185632,-85.25311636764766,45347,"''Fin_urban' to   'McDermott'' (orig_from=1641, orig_to=1544)"
1468,Shellybanks,50175.26588948002,1.1064737665000997,0.6611587878869624,24.20061600240329,-92.47354473181626,45347,"''Fin_urban' to   'McDermott'' (orig_from=1641, orig_to=1544)"
1469,Somerset,45191.39909288627,0.9965686614965988,1.1146072111980392,41.897470200822546,-80.67761629223597,45347,"''Cashla' to  'Shantallow'' (orig_from=1718, orig_to=1454)"
1470,SorneHill,323001.33179121936,7.122882038309466,2.0152942323243845,156.28117301286636,-29.684379053816176,45347,"''Cath_Fall' to   'Srananagh'' (orig_from=1711, orig_to=1466)"
1471,Sligo,50148.372012201646,1.105880697999904,1.6203184105080866,31.088353003655705,-37.64634555359442,45347,"''Flagford' to       'Sligo'' (orig_from=1645, orig_to=1471)"
1472,Shankill,42961.30814238505,0.9473903045931386,1.0408623868948994,37.975852400717216,-12.527776618571195,45347,"''maynooth' to  'Culmullin'' (orig_from=1540, orig_to=1823)"
1473,Salthill,44295.30529714801,0.9768078438959139,1.0329008391085837,9.36747509882546,-21.86080750620944,45347,"''Corduff' to     'Finglas'' (orig_from=1679, orig_to=1640)"
1474,Shannonbridg,161230.95170997357,3.555493234612512,0.8224485359698548,142.36225926482518,-7.771633765765846,45347,"''Shannonbridge' to  'Castlelost'' (orig_from=1474, orig_to=1816)"
1475,Shannonbridg,46798.67221436922,1.0320125303629615,0.669465267735678,12.699654814587623,-26.32227980522297,45347,"''Cashla' to  'Shantallow'' (orig_from=1718, orig_to=1454)"
1476,Shannonbridg,48198.2264368065,1.062875745623889,1.0262612558386577,22.548903417516392,-10.917351273853818,45347,"''Cashla' to  'Shantallow'' (orig_from=1718, orig_to=1454)"
1477,SheltonAbbe,0.0,0.0,0.0,0.0,0.0,45347,"''INCHICORE' to  'Poolbeg Sout' 2' (orig_from=756, orig_to=1496)"
1478,Rathnaskillo,22839.28287885683,0.5036558731306774,0.5402988457087747,45.43397662194225,-101.07804194371967,45347,"''Great Island' to   Offshore GC 2' (orig_from=1626, orig_to=1853)"
1479,Ratrussan,42340.110201845964,0.9336915386209885,0.9890736338139144,40.17353878520263,-11.9904496721582,45347,"''maynooth' to  'Culmullin'' (orig_from=1540, orig_to=1823)"
1480,Ringaskiddy,33385.93644895389,0.7362325280383243,0.6319179052319102,28.439414964762147,-25.91977589972127,45347,"''Great Island' to   Offshore GC 2' (orig_from=1626, orig_to=1853)"
1481,Rinawade,85332.73065933713,1.8817723478805022,1.1626066885801742,140.62095970947126,-23.184979398048085,45347,"''Maynooth B' to    'Rinawade'' (orig_from=1539, orig_to=1481)"
1482,RaffeenB,33385.960841448374,0.7362330659458922,0.631918366977484,28.43943574426671,-25.919794838378863,45347,"''Great Island' to   Offshore GC 2' (orig_from=1626, orig_to=1853)"
1483,Raffeen,35913.57594482508,0.791972477668315,0.660469771876715,29.87295135192417,-15.36164995547305,45347,"''Great Island' to   Offshore GC 2' (orig_from=1626, orig_to=1853)"
1484,Raffeen,32663.87073086867,0.7203094081387671,0.633003279103035,29.02287748746737,-25.202449692359792,45347,"''Great Island' to   Offshore GC 2' (orig_from=1626, orig_to=1853)"
1485,Richmond,75385.30155290988,1.662409895977901,1.7387032383148888,44.90598264855473,-26.068602130561707,45347,"''Lanesboro' to  'Sliabh Bawn'' (orig_from=1566, orig_to=151)"
1486,Richmond,68826.23442141712,1.5177681968248642,1.7280270900956516,44.90602948891215,-103.35963397217802,45347,"''Lanesboro' to  'Sliabh Bawn'' (orig_from=1566, orig_to=151)"
1487,Oldbridge,39166.503405984266,0.8637066047585125,0.7858735713743895,32.74382992863771,-29.57214270183374,45347,"''maynooth' to  'Culmullin'' (orig_from=1540, orig_to=1823)"
1488,Rathkeale,44620.29822266846,0.9839746449085598,0.6110670240033527,16.790236502267497,-12.10604948153598,45347,"''Coolshamroge' to       'Ennis'' (orig_from=1801, orig_to=1652)"
1489,Ringsend,-2562342.619633837,-56.50522900376733,-5.022437460807091,7.674967921098282,-208.6311452147913,45347,"''INCHICORE' to  'Poolbeg Sout'' (orig_from=756, orig_to=1496)"
1490,Ryebrook,28267.823094092935,0.6233669943787447,0.8551717968281475,27.770757346900734,-15.104345816939734,45347,"''Castlebagot' to  'Maynooth A'' (orig_from=1568, orig_to=1538)"
1491,Prospect,39728.52655951554,0.8761004379455211,0.48630133925049945,9.256273563038274,-7.148217429063228,45347,"''Corduff' to     'Finglas'' (orig_from=1679, orig_to=1640)"
1492,PotteryRoad,-1669818.0393356942,-36.823120368176376,-1.3233237059083838,10.391532179730104,-208.63158606683905,45347,"''INCHICORE' to  'Poolbeg Sout'' (orig_from=756, orig_to=1496)"
1493,Platin,44048.5827942539,0.9713670759753436,0.7990283320042108,71.73043531033844,-21.860058102384507,45347,"''Platin' to   'Oldbridge'' (orig_from=1493, orig_to=1487)"
1494,Pelletstown,-100099.49735314964,-2.2074116777989645,0.2792415181553709,21.02058031518579,-62.92696198987705,45347,"''Castlebagot' to  'Maynooth A'' (orig_from=1568, orig_to=1538)"
1495,Portlaoise,56835.81902121048,1.2533534527358035,0.3131869693762759,77.21970938497412,-49.038803946943595,45347,"''Coolnabacky' to  'Portlaoise'' (orig_from=1561, orig_to=1495)"
1496,PoolbegSout,127134.7369597163,2.8035975248575715,0.5220188526694524,80.63520765486079,-90.1472339329823,45347,"''INCHICORE' to  'Poolbeg Sout'' (orig_from=756, orig_to=1496)"
1498,PoolbegNort,42516.12646529589,0.9375730801441307,0.24929020073896566,21.02307233931326,-93.02931928596233,45347,"''Castlebagot' to  'Maynooth A'' (orig_from=1568, orig_to=1538)"
1500,Pollahoney,12400.333989311821,0.27345434073503916,0.27534101837401537,12.087422707613912,-41.373808751101684,45347,"''INCHICORE' to  'Poolbeg Sout'' (orig_from=756, orig_to=1496)"
1501,Pollaphuca,4570.744636087631,0.1007948626389316,0.4905748755426533,22.572812603674308,-78.45962619357094,45347,"''Coolnabacky' to  'Portlaoise'' (orig_from=1561, orig_to=1495)"
1502,Poppintree,47421.99776437675,1.0457582147523927,0.4208263624380527,22.7857875966001,-85.6197839441643,45347,"''Fin_urban' to   'McDermott'' (orig_from=1641, orig_to=1544)"
1503,Oldstreet,32979.17417269596,0.7272625349570194,0.6222246603867748,11.99286861042593,-12.108793921104708,45347,"''Clonee' to    'Woodland'' (orig_from=1731, orig_to=1430)"
1505,Glenree,70184.01672686366,1.5477102504435498,1.5732650446346466,74.81253209221666,-28.32076130111537,45347,"''Cunghill' to       'Sligo'' (orig_from=1690, orig_to=1471)"
1506,Oughtragh,49289.16990602258,1.0869334224099185,0.5369988969413502,50.68243238599564,-7.14712016123996,45347,"''Clahane' to       'Trien'' (orig_from=1716, orig_to=1442)"
1507,Oldcourt,32848.26974041523,0.7243758074495606,0.633025465540567,29.18848996965506,-22.659519597130345,45347,"''Great Island' to   Offshore GC 2' (orig_from=1626, orig_to=1853)"
1508,Oldcourt,32848.27075358537,0.7243758297921664,0.6330254850001062,29.188490867118563,-22.65952029372788,45347,"''Great Island' to   Offshore GC 2' (orig_from=1626, orig_to=1853)"
1509,Nangor,-27178.310264098443,-0.5993408662998312,-0.26022131822733513,19.760678737453294,-36.74808227322488,45347,"''INCHICORE' to  'Poolbeg Sout'' (orig_from=756, orig_to=1496)"
1510,Nenagh,48536.8448385259,1.0703430180282247,0.5767578013812926,22.68304567044817,-24.367031823606766,45347,"''Coolshamroge' to       'Ennis'' (orig_from=1801, orig_to=1652)"
1511,NorthWall,42516.13496608765,0.937573267605082,0.24929025055480306,21.02307654197666,-93.02933788229959,45347,"''Castlebagot' to  'Maynooth A'' (orig_from=1568, orig_to=1538)"
1512,Navan,39453.17928905621,0.8700284316284695,0.7902651627115924,43.62674610103739,-14.079235125822487,45347,"''maynooth' to  'Culmullin'' (orig_from=1540, orig_to=1823)"
1513,NorthQuays,-2079763.0094629254,-45.86329877308147,-2.4756264241364665,7.13819531171126,-208.6314783349615,45347,"''INCHICORE' to  'Poolbeg Sout'' (orig_from=756, orig_to=1496)"
1514,Newbridge,28548.577517706508,0.6295582401858228,0.6178373172582768,34.44545344991088,-21.874775909509435,45347,"''Coolnabacky' to  'Portlaoise'' (orig_from=1561, orig_to=1495)"
1515,Bancroft,-10450.298121553333,-0.23045180765107576,0.503106642686994,13.43169992638564,-31.738106502244463,45347,"''INCHICORE' to  'Poolbeg Sout'' (orig_from=756, orig_to=1496)"
1516,Newbury,47627.72422064235,1.0502949306600733,0.43955161831369466,22.89150770979564,-86.13196348508566,45347,"''Fin_urban' to   'McDermott'' (orig_from=1641, orig_to=1544)"
1517,Mulreavy,50017.03323895256,1.102984392329207,1.6183032166977798,27.906021934734564,-42.213045462396536,45347,"''Carrick on S' to    'Arigna_T'' (orig_from=1695, orig_to=1401)"
1518,Monread,-9644.647294626913,-0.21268545426658683,0.3116675079420669,27.506215032514906,-112.81868784897749,45347,"''Coolnabacky' to  'Portlaoise'' (orig_from=1561, orig_to=1495)"
1519,Meentycat,323004.6365450608,7.122954915320987,2.015313214428674,156.28264502336634,-29.684658650646746,45347,"''Cath_Fall' to   'Srananagh'' (orig_from=1711, orig_to=1466)"
1520,Mullagharlin,40480.09525400517,0.8926741626569602,0.7772021244985432,45.576931512690436,-19.498693863688782,45347,"''maynooth' to  'Culmullin'' (orig_from=1540, orig_to=1823)"
1521,Moy,70220.69374751311,1.5485190585377888,1.5399133573423223,60.5080807689831,-24.315950489276254,45347,"''Cunghill' to       'Sligo'' (orig_from=1690, orig_to=1471)"
1522,Mallow,62532.347995309254,1.378974309112163,0.7694922373862293,76.36498544096145,-10.554185730613975,45347,"''Kilnap' to      'Marina'' (orig_from=739, orig_to=1526)"
1523,Mullingar,138356.99486670038,3.0510727251350778,2.124911242730292,78.7090992467319,-21.742708317179268,45347,"''Clonfad' to   'Mullingar'' (orig_from=1724, orig_to=1523)"
1524,MungretB,0.0,0.0,0.0,0.0,0.0,45347,"''INCHICORE' to  'Poolbeg Sout' 2' (orig_from=756, orig_to=1496)"
1525,MungretA,0.0,0.0,0.0,0.0,0.0,45347,"''INCHICORE' to  'Poolbeg Sout' 2' (orig_from=756, orig_to=1496)"
1526,Marina,30115.58876602016,0.6641142471612269,0.6329997618431111,28.184590714816146,-38.14691444274856,45347,"''Great Island' to   Offshore GC 2' (orig_from=1626, orig_to=1853)"
1527,MNYPG2,39414.53901185306,0.8691763294562609,0.43267692441275074,9.263231872020175,-7.148106699063769,45347,"''Corduff' to     'Finglas'' (orig_from=1679, orig_to=1640)"
1528,MNYPG3,25185.962110579378,0.5554052552667074,0.5054543331913185,9.842220315076203,-15.608948206419043,45347,"''Clonee' to    'Woodland'' (orig_from=1731, orig_to=1430)"
1529,Moneypoint,39414.64143291119,0.8691785880634041,0.4326780488628312,9.263255945436367,-7.148125275712644,45347,"''Corduff' to     'Finglas'' (orig_from=1679, orig_to=1640)"
1530,Moneypoint,37740.54445529138,0.8322611077974592,0.5345571209325248,8.939719594097976,-113.28398156840528,45347,"''Corduff' to     'Finglas'' (orig_from=1679, orig_to=1640)"
1531,MnypB,39538.92062087623,0.8719192145208334,0.4793666066561591,9.197654427620456,-7.148078356051054,45347,"''Corduff' to     'Finglas'' (orig_from=1679, orig_to=1640)"
1532,MNYPG1,37285.107912895066,0.8222177412595114,0.36343885279438676,10.014012626085583,-7.38444489788512,45347,"''Corduff' to     'Finglas'' (orig_from=1679, orig_to=1640)"
1533,Moneteen,47143.71775062779,1.039621535065777,0.6200436657341386,25.576949783086096,-18.623924169399896,45347,"''Coolshamroge' to       'Ennis'' (orig_from=1801, orig_to=1652)"
1534,Carrigdangan,40246.306249958485,0.887518606522118,0.7715132957598164,23.554295155380053,-48.756216310766604,45347,"''Great Island' to   Offshore GC 2' (orig_from=1626, orig_to=1853)"
1535,Macroom,40247.55453251745,0.887546133868116,0.7715372250679936,23.55502571431882,-48.75772853091428,45347,"''Great Island' to   Offshore GC 2' (orig_from=1626, orig_to=1853)"
1536,Milltown,-27178.339049463895,-0.5993415010797604,-0.2602215938502723,19.76069966779833,-36.7481211967664,45347,"''INCHICORE' to  'Poolbeg Sout'' (orig_from=756, orig_to=1496)"
1537,Milltown,-2562341.9352026125,-56.505213910569886,-5.022436119234411,7.674965870977887,-208.6310894871783,45347,"''INCHICORE' to  'Poolbeg Sout'' (orig_from=756, orig_to=1496)"
1538,MaynoothA,14100.043211045235,0.3109366267017716,0.5959513435677406,52.16044105217284,-16.29696406222447,45347,"''Castlebagot' to  'Maynooth A'' (orig_from=1568, orig_to=1538)"
1539,MaynoothB,17613.761955275855,0.3884217689213367,0.8554954137468543,32.965069603698595,-15.235740466915047,45347,"''Castlebagot' to  'Maynooth A'' (orig_from=1568, orig_to=1538)"
1540,MaynoothB,5759.048280137909,0.12699954308196593,-0.25512426152753037,5.502377636522969,-22.933878401354058,45347,"''INCHICORE' to  'Poolbeg Sout'' (orig_from=756, orig_to=1496)"
1541,MaynoothA,10468.218197019309,0.23084698429927689,0.247506805999098,12.708631874403935,-29.092483684537473,45347,"''Coolnabacky' to  'Portlaoise'' (orig_from=1561, orig_to=1495)"
1542,MeathHill,23016.146313302383,0.5075560966172489,0.7823964332671096,43.86008181052239,-113.75617553443992,45347,"''maynooth' to  'Culmullin'' (orig_from=1540, orig_to=1823)"
1543,Midleton,74209.5270528607,1.636481510416581,0.7510813239089104,142.44875318800663,-28.67917349427181,45347,"'Knockraha to Lysaghtstown' (orig_from=1594, orig_to=29)"
1544,McDermott,-208378.49584835407,-4.59519914985234,-0.25928657295038066,21.020582201412136,-90.91592850707688,45347,"''Castlebagot' to  'Maynooth A'' (orig_from=1568, orig_to=1538)"
1545,Macetown,0.0,0.0,0.0,0.0,0.0,45347,"''INCHICORE' to  'Poolbeg Sout' 2' (orig_from=756, orig_to=1496)"
1546,MiseryHill,-2562339.720696356,-56.50516507588939,-5.022431778606198,7.674959238217732,-208.6309091774887,45347,"''INCHICORE' to  'Poolbeg Sout'' (orig_from=756, orig_to=1496)"
1547,Aungierstown,-8782.359607043525,-0.19367013489411702,-0.2562180740708917,11.91687009633495,-40.218953816681015,45347,"''INCHICORE' to  'Poolbeg Sout'' (orig_from=756, orig_to=1496)"
1549,Barnakyle,0.0,0.0,0.0,0.0,0.0,45347,"''INCHICORE' to  'Poolbeg Sout' 2' (orig_from=756, orig_to=1496)"
1550,Lodgewood,8603.385232141985,0.18972336057825182,0.32480189960252553,57.13640450807216,-63.60333493767863,45347,"''Arklow' to   'Lodgewood'' (orig_from=1768, orig_to=1550)"
1551,Lodgewood,1623.4277230371345,0.03580011297411371,0.2759999777622377,40.63221185561257,-109.79249352258911,45347,"''Arklow' to   'Lodgewood'' (orig_from=1768, orig_to=1550)"
1552,CureenyT,48537.15905337681,1.070349947149245,0.5767615351805654,22.683192515613197,-24.36718957052065,45347,"''Coolshamroge' to       'Ennis'' (orig_from=1801, orig_to=1652)"
1553,Lisheen,91327.47652409501,2.013969535450967,0.5365786371618407,152.86644618307835,-34.899023702652606,45347,"''Cahir' to   'Kill Hill'' (orig_from=1709, orig_to=1651)"
1554,LibertySt,0.0,0.0,0.0,0.0,0.0,45347,"''INCHICORE' to  'Poolbeg Sout' 2' (orig_from=756, orig_to=1496)"
1555,LibertySt,0.0,0.0,0.0,0.0,0.0,45347,"''INCHICORE' to  'Poolbeg Sout' 2' (orig_from=756, orig_to=1496)"
1556,Lenalea,323022.18619131146,7.123341923199141,2.0154267719889933,156.29145113154436,-29.68633130158536,45347,"''Cath_Fall' to   'Srananagh'' (orig_from=1711, orig_to=1466)"
1557,Letterkenny,323009.3851600929,7.123059632612806,2.0153444796106808,156.28506955733647,-29.685119171782553,45347,"''Cath_Fall' to   'Srananagh'' (orig_from=1711, orig_to=1466)"
1558,Derrycarney,426164.81782455504,9.397861332051846,1.2975524337552107,201.29720682748268,-82.18455662089934,45347,"''Derrycarney' to    'Derrinlough'' (orig_from=1558, orig_to=1800)"
1559,Lisdrum,41681.89226889996,0.9191764012812305,0.855105420303467,40.875201754855915,-12.912749123433242,45347,"''maynooth' to  'Culmullin'' (orig_from=1540, orig_to=1823)"
1560,Coolnabacky,25185.99066298091,0.5554058849092753,0.5054549061823564,9.84223147347576,-15.60896590270654,45347,"''Clonee' to    'Woodland'' (orig_from=1731, orig_to=1430)"
1561,Coolnabacky,-3044.269125667986,-0.06713275686744406,-0.05655665093449598,51.09251949306346,-80.45362426190219,45347,"''Coolnabacky' to  'Portlaoise'' (orig_from=1561, orig_to=1495)"
1563,Limerick,47916.77487329777,1.056669126365532,0.6369870765251117,28.268206604609123,-20.62026356846337,45347,"''Coolshamroge' to       'Ennis'' (orig_from=1801, orig_to=1652)"
1564,Louth,40816.13821982874,0.9000846410970679,0.7775813230396608,53.45756149532092,-13.68380913356286,45347,"'Paddock to Woodland' (orig_from=1859, orig_to=1430)"
1565,LouthA,40542.993295694774,0.8940612013075787,0.7775606301459133,46.5338098027662,-20.841303527784515,45347,"''maynooth' to  'Culmullin'' (orig_from=1540, orig_to=1823)"
1566,Lanesboro,75385.70465340189,1.6624187852206735,1.738712535181914,44.906222764266424,-26.068741521356042,45347,"''Lanesboro' to  'Sliabh Bawn'' (orig_from=1566, orig_to=151)"
1567,Coolnanoonag,0.0,0.0,0.0,0.0,0.0,45347,"''INCHICORE' to  'Poolbeg Sout' 2' (orig_from=756, orig_to=1496)"
1568,Castlebagot,-8782.401921770166,-0.19367106802589293,-0.2562193086106929,11.916927514693382,-40.219147601457294,45347,"''INCHICORE' to  'Poolbeg Sout'' (orig_from=756, orig_to=1496)"
1569,Castlebagot,-8782.365057278657,-0.1936702550836584,-0.2562182330430733,11.91687748850575,-40.21897876588636,45347,"''INCHICORE' to  'Poolbeg Sout'' (orig_from=756, orig_to=1496)"
1570,KILP,37444.71352117438,0.8257373921356292,0.3506231487071221,9.956369747618496,-7.212400809917138,45347,"''Corduff' to     'Finglas'' (orig_from=1679, orig_to=1640)"
1571,Kilpaddoge,39520.17865190363,0.8715059133328253,0.45584091220968476,9.206859471107261,-7.148084622459373,45347,"''Corduff' to     'Finglas'' (orig_from=1679, orig_to=1640)"
1572,Kilpaddoge,40970.42865922672,0.9034870809364837,0.5133086093680513,8.712853729050146,-16.070392966101572,45347,"''Corduff' to     'Finglas'' (orig_from=1679, orig_to=1640)"
1573,Kilmahud,0.0,0.0,0.0,0.0,0.0,45347,"''INCHICORE' to  'Poolbeg Sout' 2' (orig_from=756, orig_to=1496)"
1574,Kilmore,47627.16471594523,1.050282592364329,0.4394971311720818,22.891219947794905,-86.13056563301247,45347,"''Fin_urban' to   'McDermott'' (orig_from=1641, orig_to=1544)"
1575,Killoteran,23310.85798573035,0.5140551301239409,0.5378289074057943,48.999010815806216,-35.26191425069116,45347,"''Great Island' to   Offshore GC 2' (orig_from=1626, orig_to=1853)"
1576,Knockacummer,0.0,0.0,0.0,0.0,0.0,45347,"''INCHICORE' to  'Poolbeg Sout' 2' (orig_from=756, orig_to=1496)"
1577,Kinnegad,77647.35005196706,1.712292986348977,1.719124091964882,96.83290277055451,-36.5893477316673,45347,"''Derryiron' to    'Kinnegad'' (orig_from=1657, orig_to=1577)"
1578,Kellystown,27203.205240577274,0.599889854688894,0.7707111174472328,36.89917077878024,-15.65366266309532,45347,"''Castlebagot' to  'Maynooth A'' (orig_from=1568, orig_to=1538)"
1579,Kellis,7945.818195430516,0.1752225769164557,0.4913739235623911,15.719087280506102,-35.86798800756402,45347,"'Lodgewood to   Offshore GC 2' (orig_from=1550, orig_to=1853)"
1580,Kellis,6441.595450861514,0.14205119304168995,0.49215576614506906,20.80457552454502,-32.76024589876321,45347,"''Coolnabacky' to  'Portlaoise'' (orig_from=1561, orig_to=1495)"
1581,Ballynahulla,40812.164159878535,0.8999970044298087,0.5364939200808314,14.553210549039562,-7.147204095684597,45347,"''Great Island' to   Offshore GC 2' (orig_from=1626, orig_to=1853)"
1582,Ballynahulla,40811.93572093914,0.8999919668542382,0.5364909172574701,14.553129092000566,-7.1471640914436545,45347,"''Great Island' to   Offshore GC 2' (orig_from=1626, orig_to=1853)"
1583,Ballynahulla,0.0,0.0,0.0,0.0,0.0,45347,"''INCHICORE' to  'Poolbeg Sout' 2' (orig_from=756, orig_to=1496)"
1584,Knockumber,39453.09635047327,0.8700266026522873,0.7902635013647475,43.62665438773686,-14.079205528067238,45347,"''maynooth' to  'Culmullin'' (orig_from=1540, orig_to=1823)"
1585,Knockeragh,49546.0761663249,1.0925987643355657,0.5353207888389506,36.98515648148392,-7.146894313936508,45347,"''Clahane' to       'Trien'' (orig_from=1716, orig_to=1442)"
1586,Killonan,45670.96562621313,1.0071441468280842,0.5854391429175035,19.262854488718418,-38.73927931535024,45347,"''Great Island' to   Offshore GC 2' (orig_from=1626, orig_to=1853)"
1587,Killonan,48538.09990254686,1.0703706949202123,0.5767727151223895,22.68363220722754,-24.367661904801366,45347,"''Coolshamroge' to       'Ennis'' (orig_from=1801, orig_to=1652)"
1588,Kishoge,-8782.361358340228,-0.19367017351401916,-0.25621812520023474,11.916872473607143,-40.21896184047955,45347,"''INCHICORE' to  'Poolbeg Sout'' (orig_from=756, orig_to=1496)"
1589,Kilkenny,8883.655738644944,0.19590393496030484,0.5433203406271877,53.28595481616628,-41.022080922520345,45347,"''Great Island' to    'Castlebanny'' (orig_from=1627, orig_to=1831)"
1590,Reamore,49161.3451576755,1.0841146086328866,0.5431230715189976,57.531714404709696,-7.147324196742787,45347,"''Clahane' to       'Trien'' (orig_from=1716, orig_to=1442)"
1591,Kilteel,-12638.405407994524,-0.278704333428772,0.17655297989954505,23.167991708919548,-112.8186514389673,45347,"''Coolnabacky' to  'Portlaoise'' (orig_from=1561, orig_to=1495)"
1592,Kilcarbery,0.0,0.0,0.0,0.0,0.0,45347,"''INCHICORE' to  'Poolbeg Sout' 2' (orig_from=756, orig_to=1496)"
1593,Kilbarry,32169.660385054245,0.7094109948850915,0.6330374292328204,28.02834787871586,-32.96545857563599,45347,"''Great Island' to   Offshore GC 2' (orig_from=1626, orig_to=1853)"
1594,Knockraha,33467.026269364054,0.7380207349849837,0.5809327382545774,30.39493138649824,-35.19866417623055,45347,"''Great Island' to   Offshore GC 2' (orig_from=1626, orig_to=1853)"
1595,Knockraha,35351.197778800844,0.7795708156835258,0.6594832287688945,29.992888435584575,-15.363687336386677,45347,"''Great Island' to   Offshore GC 2' (orig_from=1626, orig_to=1853)"
1596,Knockraha,37790.2080468849,0.833356298032613,0.5832731170672936,30.39666821000111,-9.633291806417512,45347,"''Great Island' to   Offshore GC 2' (orig_from=1626, orig_to=1853)"
1597,Knockraha,34777.4676508973,0.7669188182437052,0.6331815978836668,29.061513003440997,-19.92577195565286,45347,"''Great Island' to   Offshore GC 2' (orig_from=1626, orig_to=1853)"
1598,Knockanure,39837.34402683394,0.8785000998265363,0.3914421576897055,8.934769301695239,-7.147892205336306,45347,"''Corduff' to     'Finglas'' (orig_from=1679, orig_to=1640)"
1599,Knockanure,40809.285532350914,0.8999335244305228,0.5037797035737441,35.06404761034391,-15.860973681774832,45347,"''Knockanure' to       'Trien' 2' (orig_from=1600, orig_to=1442)"
1600,Knockanure,38187.68412961197,0.8421215103449394,0.5126511624764201,8.695395023473248,-51.84082103358516,45347,"''Corduff' to     'Finglas'' (orig_from=1679, orig_to=1640)"
1601,Irishtown,6813.8740646219385,0.15026074634754094,0.5032789700717031,7.883630803448395,-33.922557718414744,45347,"''INCHICORE' to  'Poolbeg Sout'' (orig_from=756, orig_to=1496)"
1602,Monatooreen,34777.46069793946,0.766918664915859,0.6331814713081042,29.061507193036558,-19.92576797185292,45347,"''Great Island' to   Offshore GC 2' (orig_from=1626, orig_to=1853)"
1603,Ikerrin,0.0,0.0,0.0,0.0,0.0,45347,"''INCHICORE' to  'Poolbeg Sout' 2' (orig_from=756, orig_to=1496)"
1604,Inch_Country,-27178.364868688597,-0.5993420704498335,-0.260221841106547,19.760718444251484,-36.748156114320864,45347,"''INCHICORE' to  'Poolbeg Sout'' (orig_from=756, orig_to=1496)"
1605,Inchicore,-1367.0798753041736,-0.03014708526041797,-0.26032726112513765,4.751444109105437,-36.137570576116154,45347,"''Corduff' to     'Finglas'' (orig_from=1679, orig_to=1640)"
1606,Inch_City,-27178.440935567643,-0.5993437478899959,-0.26022256936815125,19.760773745675067,-36.74825895639364,45347,"''INCHICORE' to  'Poolbeg Sout'' (orig_from=756, orig_to=1496)"
1607,Iniscarra,36119.15181396547,0.7965058728022906,0.6665954599218762,25.8530346991135,-31.44588080179749,45347,"''Great Island' to   Offshore GC 2' (orig_from=1626, orig_to=1853)"
1608,Huntstown,50345.44931599763,1.110226681279856,0.6762430567368274,24.288067493512113,-92.89716357084313,45347,"''Fin_urban' to   'McDermott'' (orig_from=1641, orig_to=1544)"
1609,HeustonSqua,-27178.42277791788,-0.5993433474743176,-0.2602223955601918,19.760760548270273,-36.74823441295746,45347,"''INCHICORE' to  'Poolbeg Sout'' (orig_from=756, orig_to=1496)"
1610,HaroldsCros,-2562338.864433869,-56.50514619343879,-5.022430100255014,7.67495667318937,-208.63083945889582,45347,"''INCHICORE' to  'Poolbeg Sout'' (orig_from=756, orig_to=1496)"
1611,Harristown,83416.69386869651,1.8395195684101817,1.7567181905751275,96.83215506464784,-32.569781076819126,45347,"''Derryiron' to    'Kinnegad'' (orig_from=1657, orig_to=1577)"
1612,Glenlara,57320.472720033984,1.264041121133349,0.8065916593088565,52.706519265289444,-11.651933627975756,45347,"''Kilnap' to      'Marina'' (orig_from=739, orig_to=1526)"
1613,Clogher,0.0,0.0,0.0,0.0,0.0,45347,"''INCHICORE' to  'Poolbeg Sout' 2' (orig_from=756, orig_to=1496)"
1614,Clogher,50017.078363497814,1.1029853874235962,1.6183046768322986,27.906047109061745,-42.2130835432332,45347,"''Carrick on S' to    'Arigna_T'' (orig_from=1695, orig_to=1401)"
1615,GrangeCastl,-27178.313050929024,-0.5993409277555081,-0.2602213449112811,19.76068076392727,-36.748086041618805,45347,"''INCHICORE' to  'Poolbeg Sout'' (orig_from=756, orig_to=1496)"
1616,Glanagow,36228.71388501878,0.7989219548155065,0.6502513803537276,29.960882282742226,-14.399604225086955,45347,"''Great Island' to   Offshore GC 2' (orig_from=1626, orig_to=1853)"
1617,Gorman,33265.15764265389,0.7335690926115044,0.7728154930160482,64.83676065376554,-15.208440219716415,45347,"''maynooth' to  'Culmullin'' (orig_from=1540, orig_to=1823)"
1618,Gorman,39325.287796326644,0.8672081459926047,0.793912199187051,43.86659061395596,-14.17621471093292,45347,"''maynooth' to  'Culmullin'' (orig_from=1540, orig_to=1823)"
1619,Gortawee,92378.87866412503,2.037155239908374,1.8441163195673684,143.84451783107428,-16.101845420414133,45347,"''Arva' to    'Gortawee'' (orig_from=1763, orig_to=1620)"
1620,Golagh,323000.4409493749,7.122862393308817,2.0152886743004434,156.28074198583556,-29.684297183625997,45347,"''Cath_Fall' to   'Srananagh'' (orig_from=1711, orig_to=1466)"
1621,Gallanstown,46585.690258523435,1.027315814905582,0.8015332031765653,80.09061590537786,-14.771494192572366,45347,"''Corduff' to  'Gallanstown'' (orig_from=1680, orig_to=1622)"
1622,Galway,44295.34002256438,0.9768086096668882,1.0329016491669876,9.367482445549104,-21.860824650955124,45347,"''Corduff' to     'Finglas'' (orig_from=1679, orig_to=1640)"
1623,Garrow,41188.66602562326,0.9082996896293748,0.7324919963857225,17.97124659654792,-7.1467575653665225,45347,"''Great Island' to   Offshore GC 2' (orig_from=1626, orig_to=1853)"
1624,Grange,47629.05015603284,1.050324170419936,0.4396768879038329,22.892188182741112,-86.13524598163154,45347,"''Fin_urban' to   'McDermott'' (orig_from=1641, orig_to=1544)"
1625,GreatIsland,34747.40553424758,0.7662558831730341,0.5430191107928761,77.23283047378436,-27.929113953741503,45347,"''Great Island' to   Offshore GC 2' (orig_from=1626, orig_to=1853)"
1626,GreatIsland,23763.24440246408,0.5240312347556416,0.5374068588476929,48.297679117306735,-35.622148936565665,45347,"''Great Island' to   Offshore GC 2' (orig_from=1626, orig_to=1853)"
1627,Glanlee,41188.383918491076,0.908293468553401,0.7324869795572875,17.971123510368678,-7.14670861673289,45347,"''Great Island' to   Offshore GC 2' (orig_from=1626, orig_to=1853)"
1628,Griffinrath,0.0,0.0,0.0,0.0,0.0,45347,"''INCHICORE' to  'Poolbeg Sout' 2' (orig_from=756, orig_to=1496)"
1629,Glasmore,47274.694936756656,1.0425098669538593,0.40700995498328796,22.71009971525645,-85.25324315202859,45347,"''Fin_urban' to   'McDermott'' (orig_from=1641, orig_to=1544)"
1630,Garballagh,45269.040203638,0.9982808168928043,0.8013638179844403,102.8954319690236,-16.78991011628168,45347,"''Garballagh' to      'Platin'' (orig_from=1631, orig_to=1493)"
1631,Gilra,48763.0663646998,1.075331694813324,1.66777114380341,22.77331965397844,-29.510731048883866,45347,"''maynooth' to  'Culmullin'' (orig_from=1540, orig_to=1823)"
1632,Garvagh,50340.5723498418,1.1101191335665381,1.6412551034996319,45.707199936944654,-32.64734734296123,45347,"''Carrick on S' to    'Arigna_T'' (orig_from=1695, orig_to=1401)"
1633,Glen,0.0,0.0,0.0,0.0,0.0,45347,"''INCHICORE' to  'Poolbeg Sout' 2' (orig_from=756, orig_to=1496)"
1634,Firlough,70193.61447216362,1.5479219016068013,1.5651803105596656,71.03191161510269,-27.262292636801053,45347,"''Cunghill' to       'Sligo'' (orig_from=1690, orig_to=1471)"
1635,Fortunestown,-27178.265826092756,-0.5993398863451332,-0.2602208927940976,19.760646430536482,-36.748022193238214,45347,"''INCHICORE' to  'Poolbeg Sout'' (orig_from=756, orig_to=1496)"
1636,FinglasB5,0.0,0.0,0.0,0.0,0.0,45347,"''INCHICORE' to  'Poolbeg Sout' 2' (orig_from=756, orig_to=1496)"
1637,Fin_rural,47274.984200890416,1.0425162458572874,0.40701244549095317,22.71023867651381,-85.25376480977019,45347,"''Fin_urban' to   'McDermott'' (orig_from=1641, orig_to=1544)"
1638,Finglas220b,42516.165364082604,0.937573937947,0.24929042879047572,21.023091571722194,-93.02940439059653,45347,"''Castlebagot' to  'Maynooth A'' (orig_from=1568, orig_to=1538)"
1639,Finglas,50345.459379326334,1.1102269031981462,0.6762431918930082,24.288072348124828,-92.89718213886705,45347,"''Fin_urban' to   'McDermott'' (orig_from=1641, orig_to=1544)"
1640,Fin_urban,97053.2741323766,2.1402358288834233,1.5389879124084282,46.78330397552865,-61.55845565981174,45347,"''Fin_urban' to   'McDermott'' (orig_from=1641, orig_to=1544)"
1641,FrnStB,-27178.42049391829,-0.599343297107158,-0.2602223736424249,19.760758883127302,-36.748231316603075,45347,"''INCHICORE' to  'Poolbeg Sout'' (orig_from=756, orig_to=1496)"
1642,FrnStA,-2562338.3600531626,-56.50513507074697,-5.022429111604299,7.674955162394417,-208.630798391216,45347,"''INCHICORE' to  'Poolbeg Sout'' (orig_from=756, orig_to=1496)"
1643,Flagford,46603.92274441265,1.0277178808832481,1.4831682710414271,25.100654865838766,-16.818994755352666,45347,"''maynooth' to  'Culmullin'' (orig_from=1540, orig_to=1823)"
1644,Flagford,48763.244498056236,1.075335623041353,1.6677772362019756,22.77340284629225,-29.510838853287723,45347,"''maynooth' to  'Culmullin'' (orig_from=1540, orig_to=1823)"
1645,FassWest,-10450.27805609246,-0.23045136516401218,0.5031056766720243,13.431674137012415,-31.738045564008743,45347,"''INCHICORE' to  'Poolbeg Sout'' (orig_from=756, orig_to=1496)"
1646,FassEast,-19495.9369693449,-0.42992782255375,0.5026818763136411,12.510552866399863,-31.737959672725314,45347,"''INCHICORE' to  'Poolbeg Sout'' (orig_from=756, orig_to=1496)"
1647,Corkagh_2,0.0,0.0,0.0,0.0,0.0,45347,"''INCHICORE' to  'Poolbeg Sout' 2' (orig_from=756, orig_to=1496)"
1648,Corkagh,0.0,0.0,0.0,0.0,0.0,45347,"''INCHICORE' to  'Poolbeg Sout' 2' (orig_from=756, orig_to=1496)"
1649,Mountlucas,75362.47958922779,1.6619066220307361,0.8056283076665567,222.16138033777506,-224.81362284394655,45347,"''Cushaling' to  'Mountlucas'' (orig_from=1689, orig_to=1650)"
1650,KillHill,82861.8847847926,1.8272848211522834,0.8643066747348912,152.87186994083214,-42.997493251790964,45347,"''Cahir' to   'Kill Hill'' (orig_from=1709, orig_to=1651)"
1651,Ennis,41599.4192329794,0.9173576914234547,0.8212845858327272,31.671388835823546,-49.88877245945652,45347,"''Ardnacrusha' to    'Limerick'' (orig_from=1780, orig_to=1563)"
1652,Drumkeen,323005.19179601234,7.122967159812387,2.0153166787206795,156.2829136745216,-29.684709678799173,45347,"''Cath_Fall' to   'Srananagh'' (orig_from=1711, orig_to=1466)"
1653,Dunfirth,0.0,0.0,0.0,0.0,0.0,45347,"''INCHICORE' to  'Poolbeg Sout' 2' (orig_from=756, orig_to=1496)"
1654,Dalton,47391.34535699465,1.0450822624869265,1.211790656679123,10.360898028602877,-18.556989600780437,45347,"''maynooth' to  'Culmullin'' (orig_from=1540, orig_to=1823)"
1655,Derrylahan,48198.2056657475,1.0628752875768517,1.026260813493014,22.548893699099388,-10.917346568553945,45347,"''Cashla' to  'Shantallow'' (orig_from=1718, orig_to=1454)"
1656,Derryiron,49527.849363820416,1.092196823688897,1.042575451298673,52.77757748693265,-73.75244182132873,45347,"'Timahoe to     Coolcor' (orig_from=1448, orig_to=1861)"
1657,Dardistown,47612.27053644127,1.049954143304767,0.43812437702566936,22.883565594322175,-86.09347602559787,45347,"''Fin_urban' to   'McDermott'' (orig_from=1641, orig_to=1544)"
1658,Dallow,157043.43791036922,3.4631494456164513,1.2369458165707339,181.5846936097635,-9.276894086900361,45347,"''Shannonbridg' to    'Dallow T'' (orig_from=1476, orig_to=907)"
1659,Derrybrien,44604.52928238742,0.9836269054708673,0.8871210532956577,18.58834598248469,-29.861879069419405,45347,"''Ardnacrusha' to    'Limerick'' (orig_from=1780, orig_to=1563)"
1660,Dunmanway,43033.30925585722,0.9489780857798138,0.7378135621033808,29.79823642591019,-7.146295690940503,45347,"''Clashavoon' to     'Macroom' 2' (orig_from=1723, orig_to=1535)"
1661,Dunmanway,40246.46613254589,0.8875221322809863,0.771516360620695,23.554388725355004,-48.75640999577786,45347,"''Great Island' to   Offshore GC 2' (orig_from=1626, orig_to=1853)"
1662,Dunstown,25186.00578094447,0.5554062182932602,0.505455209745584,9.842237380812112,-15.608975271258206,45347,"''Clonee' to    'Woodland'' (orig_from=1731, orig_to=1430)"
1663,Dunstown,14100.589919980346,0.31094868282312715,-0.015956920474681013,5.064435922725189,-18.9381413163964,45347,"''Clonee' to    'Woodland'' (orig_from=1731, orig_to=1430)"
1664,Drybridge,39642.784031879884,0.874209628682821,0.7858735181413291,33.004697940371194,-28.43089151083371,45347,"''maynooth' to  'Culmullin'' (orig_from=1540, orig_to=1823)"
1665,Knockalough,44294.39592838061,0.9767877903363091,1.0328796339363229,9.367282787976398,-21.860358711601492,45347,"''Corduff' to     'Finglas'' (orig_from=1679, orig_to=1640)"
1666,Doon,4881.429527467848,0.10764614037241378,0.639943648267628,115.83894008559382,-163.6478382475726,45347,"'Cullenagh to  Mothel' (orig_from=1683, orig_to=1835)"
1667,Drombeg,43441.056015129005,0.9579697888532649,0.5379750834161592,15.562484071529413,-7.147513567392713,45347,"''Clahane' to       'Trien'' (orig_from=1716, orig_to=1442)"
1668,Dungarvan,23878.576437920303,0.5265745570361943,0.5458690033020013,60.291239811489355,-101.07739383176211,45347,"''Dungarvan' to  'Rathnaskillo'' (orig_from=1669, orig_to=1478)"
1669,Dromada,39836.486835975855,0.8784811969033421,0.39143373489569894,8.934577049295969,-7.1477384017962295,45347,"''Corduff' to     'Finglas'' (orig_from=1679, orig_to=1640)"
1670,Drumline,96321.25472357041,2.1240932084497413,0.8532539088470802,188.1242511287959,-14.409725448058602,45347,"''Ardnacrusha' to    'Drumline'' (orig_from=1780, orig_to=1671)"
1671,Ugool,44431.522535465134,0.9798117303342037,1.0328956916008638,104.53156762715874,-21.860680204879625,45347,"''Galway' to  'Knockranny A'' (orig_from=1623, orig_to=1675)"
1672,Dundalk,40443.91230186529,0.8918762498481771,0.7881612268095972,45.02500386601432,-18.724161642803644,45347,"''maynooth' to  'Culmullin'' (orig_from=1540, orig_to=1823)"
1673,Knockranny,44294.462309569004,0.976789254185922,1.0328811819694852,9.36729682729737,-21.860391475041542,45347,"''Corduff' to     'Finglas'' (orig_from=1679, orig_to=1640)"
1674,KnockrannyA,44431.54050698957,0.9798121266454136,1.0328961093397322,104.53160990163146,-21.860689045679376,45347,"''Galway' to  'Knockranny A'' (orig_from=1623, orig_to=1675)"
1676,CRUISERATH,0.0,0.0,0.0,0.0,0.0,45347,"''INCHICORE' to  'Poolbeg Sout' 2' (orig_from=756, orig_to=1496)"
1677,CorduffB,54156.36808561606,1.194265730602158,0.361679214804832,28.909500155466397,-15.404343983227786,45347,"''CorduffB' to  'Finglas220b'' (orig_from=1678, orig_to=1639)"
1678,Corduff,60623.121519429,1.3368717118977882,0.266136374950048,35.12942986094871,-58.33510785939705,45347,"''Corduff' to     'Finglas'' (orig_from=1679, orig_to=1640)"
1679,Corduff,43526.7570693204,0.9598596835362958,0.8075866714485596,20.33155221876879,-14.91622715891018,45347,"''Castlebagot' to  'Maynooth A'' (orig_from=1568, orig_to=1538)"
1680,CityWest,-27178.266907591875,-0.5993399101945416,-0.2602209030965669,19.760647212069422,-36.74802364735646,45347,"''INCHICORE' to  'Poolbeg Sout'' (orig_from=756, orig_to=1496)"
1681,Cullenagh,33205.23023750573,0.7322475629590873,0.543229347531262,63.48395005500855,-36.04291471661603,45347,"''Great Island' to   Offshore GC 2' (orig_from=1626, orig_to=1853)"
1682,Cullenagh,22773.667190280226,0.5022089044541034,0.5378088634007316,49.832287144695414,-49.011568572523196,45347,"''Great Island' to   Offshore GC 2' (orig_from=1626, orig_to=1853)"
1683,Castledockre,1623.4262847182167,0.035800081256052586,0.27599973442538445,40.63217603211675,-109.7923967238225,45347,"''Arklow' to   'Lodgewood'' (orig_from=1768, orig_to=1550)"
1684,Corraclassy,162738.56750477746,3.588739442626358,1.8848284772197443,155.79255124422397,-16.594459094832963,45347,"''Corraclassy' to    'Gortawee'' (orig_from=1685, orig_to=1620)"
1685,Coomagearlahey,41188.39216228119,0.908293650346907,0.7324871255551685,17.971127104656272,-7.146710046063139,45347,"''Great Island' to   Offshore GC 2' (orig_from=1626, orig_to=1853)"
1686,Castleview,34154.78876583331,0.7531873942230647,0.633130258593732,29.102449806216395,-20.581225337214132,45347,"''Great Island' to   Offshore GC 2' (orig_from=1626, orig_to=1853)"
1687,Carrowbeg,48805.9235247827,1.0762767884266369,1.2824668293790065,11.827199830996813,-17.047374232408487,45347,"''maynooth' to  'Culmullin'' (orig_from=1540, orig_to=1823)"
1688,Cushaling,54696.61845197895,1.2061794264665568,0.7332042311327915,83.7709983684852,-39.94311915433271,45347,"''Cushaling' to   'Newbridge'' (orig_from=1689, orig_to=1514)"
1689,Cunghill,67471.2083138892,1.487886923366247,1.608852862721524,93.26986203504035,-33.48836739737761,45347,"''Cunghill' to       'Sligo'' (orig_from=1690, orig_to=1471)"
1690,Cow Cross,32848.29571179562,0.7243763801749976,0.6330259660909513,29.18851305018618,-22.65953751499976,45347,"''Great Island' to   Offshore GC 2' (orig_from=1626, orig_to=1853)"
1691,Carlow,4570.863004912115,0.10079747292901658,0.49058758024646154,22.573397185566872,-78.46165811030677,45347,"''Coolnabacky' to  'Portlaoise'' (orig_from=1561, orig_to=1495)"
1692,Charleville,57321.3016100001,1.2640593999603082,0.8066033232409865,52.70728143656912,-11.652102122693945,45347,"''Kilnap' to      'Marina'' (orig_from=739, orig_to=1526)"
1693,College Park,0.0,0.0,0.0,0.0,0.0,45347,"''INCHICORE' to  'Poolbeg Sout' 2' (orig_from=756, orig_to=1496)"
1694,Carrick on Shannon,48438.58596448025,1.0681761960985345,1.6664951741040233,23.311815414489782,-28.6713360336326,45347,"''maynooth' to  'Culmullin'' (orig_from=1540, orig_to=1823)"
1695,Cherrywood,-26374.68528980946,-0.5816191873731329,0.5042929422393471,11.810126016139987,-34.65542500429339,45347,"''INCHICORE' to  'Poolbeg Sout'' (orig_from=756, orig_to=1496)"
1696,Crane,12814.560363697117,0.2825889334178031,0.3115576310726883,34.25610196314542,-56.81541137307438,45347,"''Arklow' to   'Lodgewood'' (orig_from=1768, orig_to=1550)"
1697,Screeb,44293.982820189885,0.9767786804020087,1.0328700007885494,9.367195423887415,-21.860154830942037,45347,"''Corduff' to     'Finglas'' (orig_from=1679, orig_to=1640)"
1698,Cloon,51296.863887722044,1.1312074423384577,1.250387305043561,10.873262780617143,-18.262848578156987,45347,"''Clonfad' to   'Mullingar'' (orig_from=1724, orig_to=1523)"
1699,Clutterland,0.0,0.0,0.0,0.0,0.0,45347,"''INCHICORE' to  'Poolbeg Sout' 2' (orig_from=756, orig_to=1496)"
1700,Darndale,0.0,0.0,0.0,0.0,0.0,45347,"''INCHICORE' to  'Poolbeg Sout' 2' (orig_from=756, orig_to=1496)"
1701,Cookstown,-10450.27907940447,-0.23045138773026816,0.5031057259593407,13.431675452482667,-31.738048671855964,45347,"''INCHICORE' to  'Poolbeg Sout'' (orig_from=756, orig_to=1496)"
1702,Bracklone,43611.973539253726,0.9617388920822486,0.3818826106083365,57.2234408642876,-36.34006291999024,45347,"''Coolnabacky' to  'Portlaoise'' (orig_from=1561, orig_to=1495)"
1703,Castle farm,0.0,0.0,0.0,0.0,0.0,45347,"''INCHICORE' to  'Poolbeg Sout' 2' (orig_from=756, orig_to=1496)"
1704,Cliff,304921.45338765887,6.7241813876917735,1.9854468804209766,156.3502651783434,-29.697502566973853,45347,"''Cath_Fall' to   'Srananagh'' (orig_from=1711, orig_to=1466)"
1705,Carrickmines,14879.514085675095,0.32812565518501985,0.49940397674319453,16.011246517831225,-31.73879959378119,45347,"''INCHICORE' to  'Poolbeg Sout'' (orig_from=756, orig_to=1496)"
1706,Carrickmines,-33705.22046330216,-0.7432734351401893,0.5099974470315317,11.063681265699717,-38.201244954133095,45347,"''INCHICORE' to  'Poolbeg Sout'' (orig_from=756, orig_to=1496)"
1707,Cromcastle,47627.154725388464,1.0502823720508185,0.4394970392630829,22.89121514640583,-86.13054756689732,45347,"''Fin_urban' to   'McDermott'' (orig_from=1641, orig_to=1544)"
1708,Cahir,67456.53695389302,1.4875633879615635,0.7838836008398874,68.02928227344191,-49.858859573404274,45347,"''Cahir' to        'Doon'' (orig_from=1709, orig_to=1667)"
1709,Cromcastle,47627.15472541776,1.0502823720514645,0.4394970392630829,22.89121514640583,-86.13054756689732,45347,"''Fin_urban' to   'McDermott'' (orig_from=1641, orig_to=1544)"
1710,Cath_Fall,304922.01472254965,6.72419376634727,1.9854505353877379,156.35055300495594,-29.69755723736751,45347,"''Cath_Fall' to   'Srananagh'' (orig_from=1711, orig_to=1466)"
1711,CentralPark,-27178.263058695604,-0.5993398253180057,-0.2602208662890366,19.76064441801379,-36.74801845085057,45347,"''INCHICORE' to  'Poolbeg Sout'' (orig_from=756, orig_to=1496)"
1712,Carrigadrohi,42291.841487654136,0.932627108467024,0.7715304485783787,23.863574556180453,-46.37451300741219,45347,"''Great Island' to   Offshore GC 2' (orig_from=1626, orig_to=1853)"
1713,Cloncreen,0.0,0.0,0.0,0.0,0.0,45347,"''INCHICORE' to  'Poolbeg Sout' 2' (orig_from=756, orig_to=1496)"
1714,Castlebar,48806.303836930136,1.0762851751368367,1.2824768227525973,11.827291991553059,-17.047507069907283,45347,"''maynooth' to  'Culmullin'' (orig_from=1540, orig_to=1823)"
1715,Clahane,51622.06160844863,1.13837875953092,0.5398669690381255,83.85165968965703,-7.147434931474822,45347,"''Clahane' to       'Trien'' (orig_from=1716, orig_to=1442)"
1716,Cashla,43816.74128180266,0.9662544662668459,0.984993972617819,9.647148772088908,-15.23325394932328,45347,"''Corduff' to     'Finglas'' (orig_from=1679, orig_to=1640)"
1717,Cashla,44295.69564667599,0.9768164519521906,1.032909934421225,9.367557585638698,-21.861000004685657,45347,"''Corduff' to     'Finglas'' (orig_from=1679, orig_to=1640)"
1718,Corderry,50340.666948087346,1.1101212196636459,1.6412581875436605,45.707285824926295,-32.64740869030031,45347,"''Carrick on S' to    'Arigna_T'' (orig_from=1695, orig_to=1401)"
1719,Coolroe,35451.443554499514,0.7817814531170643,0.6678365066005123,26.224750180502916,-28.645823511699465,45347,"''Great Island' to   Offshore GC 2' (orig_from=1626, orig_to=1853)"
1720,Clonkeen,49776.41067008901,1.0976781412240946,0.7293299701199866,40.85009226601916,-7.146714812707713,45347,"''Clashavoon' to     'Macroom' 2' (orig_from=1723, orig_to=1535)"
1721,Clashavoon,41624.15162278499,0.9179030944226739,0.8579229731189645,21.898475716822492,-7.146772429454458,45347,"''Great Island' to   Offshore GC 2' (orig_from=1626, orig_to=1853)"
1722,Clashavoon,50113.46206991717,1.1051108578277984,0.7921487783478557,56.15678558830411,-7.146521373862406,45347,"''Clashavoon' to     'Macroom' 2' (orig_from=1723, orig_to=1535)"
1723,Clonfad,117108.2403876393,2.582491463330304,2.0070737937993375,96.19695364676002,-41.194645893556775,45347,"''Clonfad' to    'Kinnegad'' (orig_from=1724, orig_to=1577)"
1724,Cabra,-153963.5752674172,-3.3952317742610805,-0.25928643171507043,21.020571543313174,-62.89076440321011,45347,"''Castlebagot' to  'Maynooth A'' (orig_from=1568, orig_to=1538)"
1725,Ardnagappary,323056.54884694825,7.124099694510073,2.0156477343045522,156.30858621893694,-29.689585976603563,45347,"''Cath_Fall' to   'Srananagh'' (orig_from=1711, orig_to=1466)"
1726,Coolderrig,-27178.30978897969,-0.5993408558224291,-0.26022131369461227,19.76067839338293,-36.74808163325761,45347,"''INCHICORE' to  'Poolbeg Sout'' (orig_from=756, orig_to=1496)"
1727,Boggeragh,68807.06265532156,1.5173454176752939,0.8199265364182742,141.52545458940406,-7.146505295515416,45347,"''Boggeragh' to  'Clashavoon'' (orig_from=1728, orig_to=1171)"
1728,Banoge,12623.401406856754,0.2783734625632733,0.2881973830956881,11.914125670706502,-49.69259998279357,45347,"''Arklow' to   'Lodgewood'' (orig_from=1768, orig_to=1550)"
1729,Ballyadam,51474.15097872486,1.1351170083737592,0.6782587552335819,142.0515634921144,-26.584195160476874,45347,"''Ballyadam' to   'Whitegate'' (orig_from=1730, orig_to=1428)"
1730,Clonee,55305.202650323045,1.2196000319827782,0.27534420665902803,37.2358993182778,-64.62821763565933,45347,"''Clonee' to     'Corduff'' (orig_from=1731, orig_to=1679)"
1731,Cloghboola,47888.91160456539,1.0560546806749154,0.5213986859181784,78.09473850052157,-18.615152208175296,45347,"''Knockanure' to       'Trien' 2' (orig_from=1600, orig_to=1442)"
1732,Brinny,38299.11909096721,0.8445788936636869,0.733622037988315,26.847730862984697,-15.557279584208112,45347,"''Great Island' to   Offshore GC 2' (orig_from=1626, orig_to=1853)"
1733,Deenes,40641.71488411282,0.8962382270957907,0.7858883462171938,24.76818439378692,-22.96443473092304,45347,"''maynooth' to  'Culmullin'' (orig_from=1540, orig_to=1823)"
1734,Butlerstown,23199.718964454158,0.5116042729277385,0.5378243387948225,49.1713398933687,-38.1060743778574,45347,"''Great Island' to   Offshore GC 2' (orig_from=1626, orig_to=1853)"
1735,Belcamp,50175.282947180785,1.1064741426595097,0.6611590127860857,24.200624227744832,-92.47357616154676,45347,"''Fin_urban' to   'McDermott'' (orig_from=1641, orig_to=1544)"
1736,Belcamp,47794.277148569745,1.0539677850479579,0.45480561211066334,22.977094126646243,-86.5465558863597,45347,"''Fin_urban' to   'McDermott'' (orig_from=1641, orig_to=1544)"
1737,Barrymore,0.0,0.0,0.0,0.0,0.0,45347,"''INCHICORE' to  'Poolbeg Sout' 2' (orig_from=756, orig_to=1496)"
1738,Cloghran,43526.74484001751,0.9598594138535628,0.8075864445474921,20.33154650596155,-14.916222967701872,45347,"''Castlebagot' to  'Maynooth A'' (orig_from=1568, orig_to=1538)"
1739,Bandon,38299.15201253571,0.8445796196558916,0.7336226686264756,26.847753938679183,-15.557292955741815,45347,"''Great Island' to   Offshore GC 2' (orig_from=1626, orig_to=1853)"
1740,Ballyragget,3635.353368279392,0.08016745028953165,0.7230972880463098,37.177268546656606,-58.37158299138408,45347,"''Great Island' to    'Castlebanny'' (orig_from=1627, orig_to=1831)"
1741,Blackrock,-2152341.1911318027,-47.46380556887562,-2.5888365847006787,9.28889186792867,-208.6309017885337,45347,"''INCHICORE' to  'Poolbeg Sout'' (orig_from=756, orig_to=1496)"
1742,AirtonRoad,-27178.42772280858,-0.5993434565199149,-0.26022244285211116,19.760764139280017,-36.748241091078405,45347,"''INCHICORE' to  'Poolbeg Sout'' (orig_from=756, orig_to=1496)"
1743,Bellacorick,208690.3524491225,4.602076266326824,1.6703190189777533,194.43118719349772,-14.069280239631752,45347,"''Bellacorick' to         'Moy'' (orig_from=1744, orig_to=1521)"
1744,BarnahelyB,33385.94048018285,0.7362326169356925,0.6319179815175319,28.43941839863486,-25.919779029430984,45347,"''Great Island' to   Offshore GC 2' (orig_from=1626, orig_to=1853)"
1745,Barnahely,32663.851456742595,0.7203089831023572,0.6330029055747002,29.022860361633473,-25.202434820895157,45347,"''Great Island' to   Offshore GC 2' (orig_from=1626, orig_to=1853)"
1746,Barnageeragh,0.0,0.0,0.0,0.0,0.0,45347,"''INCHICORE' to  'Poolbeg Sout' 2' (orig_from=756, orig_to=1496)"
1747,Ballydine,9923.54402268464,0.21883573384534016,0.5509850423568704,115.83936631546904,-163.6477913327701,45347,"'Cullenagh to  Mothel' (orig_from=1683, orig_to=1835)"
1748,Baroda,19614.027127137357,0.43253196743196587,0.5234252698365491,33.24035995917149,-105.75967797044177,45347,"''Baroda' to     'Monread'' (orig_from=1749, orig_to=1518)"
1749,Binbane,320505.47708267893,7.067843012386242,2.0124435569372077,156.3262050087475,-29.692932527087684,45347,"''Cath_Fall' to   'Srananagh'' (orig_from=1711, orig_to=1466)"
1750,Blundelstown,81612.24129956146,1.799727463769631,1.5781606164540898,119.5403924783815,-29.394062878657525,45347,"''Blundelstown' to     'Corduff'' (orig_from=1751, orig_to=1680)"
1751,Blake,0.0,0.0,0.0,0.0,0.0,45347,"''INCHICORE' to  'Poolbeg Sout' 2' (orig_from=756, orig_to=1496)"
1752,Cordal,40811.891009595274,0.8999909808718388,0.5364903293544707,14.553113148050869,-7.147156261205446,45347,"''Great Island' to   Offshore GC 2' (orig_from=1626, orig_to=1853)"
1753,Ballybeg,13334.563791338831,0.2940561402372556,0.31954044835711704,14.213240073613761,-28.95469832482353,45347,"''INCHICORE' to  'Poolbeg Sout'' (orig_from=756, orig_to=1496)"
1754,Ballylickey,40246.08648553986,0.8875137602386015,0.7715090829962464,23.55416653784303,-48.75595007895479,45347,"''Great Island' to   Offshore GC 2' (orig_from=1626, orig_to=1853)"
1755,Baltrasna,41766.30774280428,0.9210379461222193,0.7853492999446218,17.49585771548576,-16.811173510451045,45347,"''Corduff' to     'Finglas'' (orig_from=1679, orig_to=1640)"
1756,Booltiagh,40845.35955099167,0.900729035018671,0.7658466785151681,20.20571627323987,-32.33774780742293,45347,"''Ardnacrusha' to    'Limerick'' (orig_from=1780, orig_to=1563)"
1757,Ballywater,12814.530233751215,0.28258826898694983,0.31155689857754776,34.256021424676774,-56.815277796140364,45347,"''Arklow' to   'Lodgewood'' (orig_from=1768, orig_to=1550)"
1758,Athy,574.677303297972,0.012672884717797693,0.45106364375242775,37.53920166377099,-59.11168319187773,45347,"''Coolnabacky' to  'Portlaoise'' (orig_from=1561, orig_to=1495)"
1759,Ballyvouskil,41189.85945038989,0.9083260072417115,0.7325132199639033,17.971767304336083,-7.1469646390818395,45347,"''Great Island' to   Offshore GC 2' (orig_from=1626, orig_to=1853)"
1760,Ballyvouskil,41188.70674299146,0.9083005875359221,0.7324927201829228,17.971264360951285,-7.146764629857773,45347,"''Great Island' to   Offshore GC 2' (orig_from=1626, orig_to=1853)"
1761,Artane,-112278.30378052866,-2.4759808538718913,-0.25220359267080367,58.67401885050046,-58.10332383512958,45347,"''Artane' to   'McDermott'' (orig_from=1762, orig_to=1544)"
1762,Arva,43759.58128216872,0.9649939639263616,1.263034779226476,35.55771315200258,-14.722581634181058,45347,"''maynooth' to  'Culmullin'' (orig_from=1540, orig_to=1823)"
1763,Aughinish,44328.588006052385,0.9775418000320283,0.5921110209429794,15.77535355975539,-11.353224123056172,45347,"''Coolshamroge' to       'Ennis'' (orig_from=1801, orig_to=1652)"
1764,Ballinknocka,43859.47871879111,0.967196919725475,0.5685651168583514,14.141823018597796,-11.514770516685576,45347,"''Coolshamroge' to       'Ennis'' (orig_from=1801, orig_to=1652)"
1765,Athlone,59887.37825256983,1.3206469722929814,1.4706729714745004,40.07329796141101,-8.6871839409191,45347,"'Feamore to   'Lanesboro'' (orig_from=1854, orig_to=1566)"
1766,Athea,39836.50949234741,0.8784816965256227,0.3914339575614441,8.934582132127442,-7.147742467944791,45347,"''Corduff' to     'Finglas'' (orig_from=1679, orig_to=1640)"
1767,Arklow,12284.883459172072,0.2709084053889358,0.28395937724786574,12.991624229349707,-37.06237266129563,45347,"''INCHICORE' to  'Poolbeg Sout'' (orig_from=756, orig_to=1496)"
1768,Arklow,12400.338696951869,0.27345444454874346,0.275341122985866,12.087427300651742,-41.37382447172462,45347,"''INCHICORE' to  'Poolbeg Sout'' (orig_from=756, orig_to=1496)"
1770,Adamstown,-27178.310306621555,-0.5993408672375583,-0.2602213186396793,19.760678769278375,-36.74808233263813,45347,"''INCHICORE' to  'Poolbeg Sout'' (orig_from=756, orig_to=1496)"
1771,Ahane,48581.53274457367,1.071328483572754,0.5532988582000864,21.483395453231537,-26.240371033970472,45347,"''Coolshamroge' to       'Ennis'' (orig_from=1801, orig_to=1652)"
1772,AghT2102,36579.84382809022,0.8066651339248511,0.6460500941764818,30.00475516088541,-14.014462065528068,45347,"''Great Island' to   Offshore GC 2' (orig_from=1626, orig_to=1853)"
1773,Agannygal,44604.65225101672,0.9836296171966551,0.88712349914443,18.588397231032708,-29.861961399358027,45347,"''Ardnacrusha' to    'Limerick'' (orig_from=1780, orig_to=1563)"
1774,Agh_AT14,0.0,0.0,0.0,0.0,0.0,45347,"''INCHICORE' to  'Poolbeg Sout' 2' (orig_from=756, orig_to=1496)"
1775,Arigna,0.0,0.0,0.0,0.0,0.0,45347,"''INCHICORE' to  'Poolbeg Sout' 2' (orig_from=756, orig_to=1496)"
1776,Aghada_B,36357.637923881,0.801765010339846,0.646771722982818,29.99685910459689,-14.006052924104104,45347,"''Great Island' to   Offshore GC 2' (orig_from=1626, orig_to=1853)"
1777,Aghada,36552.642326144036,0.8060652816315089,0.6437357345142783,30.010010262872136,-13.9345068943339,45347,"''Great Island' to   Offshore GC 2' (orig_from=1626, orig_to=1853)"
1778,Aghada,37922.62036673265,0.836276277741254,0.6661857925636874,56.1262313034169,-17.96045013815539,45347,"''Cow Cross' to  Rathcoursey' (orig_from=1691, orig_to=1857)"
1779,Ardnacrusha,51054.905633112925,1.1258717364569415,0.749382004614528,73.6838804464257,-17.184206729884657,45347,"''Ardnacrusha' to    'Limerick'' (orig_from=1780, orig_to=1563)"
1786,RosspileHV,19863.67000887207,0.43803713605910144,0.511960580904501,31.694218286374454,-56.81427436982181,45347,"''Arklow' to   'Lodgewood'' (orig_from=1768, orig_to=1550)"
1788,SligoBESS,0.0,0.0,0.0,0.0,0.0,45347,"''INCHICORE' to  'Poolbeg Sout' 2' (orig_from=756, orig_to=1496)"
1790,SrahnanaBallysumahanBESS,0.0,0.0,0.0,0.0,0.0,45347,"''INCHICORE' to  'Poolbeg Sout' 2' (orig_from=756, orig_to=1496)"
1792,FlagfordBESSHV,0.0,0.0,0.0,0.0,0.0,45347,"''INCHICORE' to  'Poolbeg Sout' 2' (orig_from=756, orig_to=1496)"
1794,LyrenacarrigaWFHV,33062.457193992814,0.7290991067544229,0.5864101602159626,55.03411859585662,-25.51199472713679,45347,"''Dungarvan' to   'Woodhouse'' (orig_from=1669, orig_to=1423)"
1796,RathnaskillogeBESSHV,0.0,0.0,0.0,0.0,0.0,45347,"''INCHICORE' to  'Poolbeg Sout' 2' (orig_from=756, orig_to=1496)"
1798,FlagfordBESSHV,0.0,0.0,0.0,0.0,0.0,45347,"''INCHICORE' to  'Poolbeg Sout' 2' (orig_from=756, orig_to=1496)"
1799,Derrinlough,246317.92286259777,5.431846050733186,1.2358382307472577,192.36018449895073,-8.725955753434752,45347,"''Derrinlough' to    'Dallow T'' (orig_from=1800, orig_to=907)"
1800,Coolshamroge,251263.20863379928,5.540900360195807,1.120791961439696,206.24187381690857,-13.501485855088763,45347,"''Coolshamroge' to       'Ennis'' (orig_from=1801, orig_to=1652)"
1801,Shanonagh,131552.03986756539,2.9010086635844794,2.1102080634267955,73.0647296987219,-20.17637876018494,45347,"''Clonfad' to   'Mullingar'' (orig_from=1724, orig_to=1523)"
1802,Effernoge,12463.818950013112,0.2748543222266768,0.3115547465498472,36.16167729638429,-57.380669287369074,45347,"''Arklow' to   'Lodgewood'' (orig_from=1768, orig_to=1550)"
1803,YellowRiver,0.0,0.0,0.0,0.0,0.0,45347,"''INCHICORE' to  'Poolbeg Sout' 2' (orig_from=756, orig_to=1496)"
1806,Mulgeeth,89270.61121693914,1.9686111808264966,1.7940620346377467,97.27713842379521,-28.491468719909648,45347,"''Maynooth B' to    'Rinawade'' (orig_from=1539, orig_to=1481)"
1807,Garrintaggart,426.748027297544,0.009410722369672614,0.23081649010567756,43.8053006519097,-68.97869265983007,45347,"''Coolnabacky' to  'Portlaoise'' (orig_from=1561, orig_to=1495)"
1808,Shrownoen,97310.65497994507,2.1459116364907285,0.6768183714050505,141.9033741855939,-7.147553755958351,45347,"''Kilpaddoge' to      'Shrownoen'' (orig_from=1572, orig_to=1809)"
1809,Philipstown,55681.25538420625,1.227892812847735,0.7019567907169132,80.73264293526444,-28.6153555546676,45347,"''Cushaling' to   'Newbridge'' (orig_from=1689, orig_to=1514)"
1810,Lislea,42375.17400907945,0.9344647718499448,0.9948686321164396,39.30366684396707,-11.892252139996971,45347,"''maynooth' to  'Culmullin'' (orig_from=1540, orig_to=1823)"
1813,Craddanstown,149711.24663266505,3.301458677148765,2.026997540144975,138.076507927163,-15.36529438147264,45347,"''Mullingar ' to   'Craddanstown'' (orig_from=1523, orig_to=1814)"
1814,Rathcobican,32208.7292506692,0.710272548364152,0.649620585965069,12.379982459261146,-12.954127355985127,45347,"''Clonee' to    'Woodland'' (orig_from=1731, orig_to=1430)"
1815,Castlelost,65808.70432650876,1.451225093755017,0.6838850969540642,141.8176613133096,-11.927991650870448,45347,"''Maynooth A' to  'Castlelost'' (orig_from=1538, orig_to=1816)"
1817,Derrygreenagh,0.0,0.0,0.0,0.0,0.0,45347,"''INCHICORE' to  'Poolbeg Sout' 2' (orig_from=756, orig_to=1496)"
1818,Coolcarrigan,56720.903303417595,1.2508193111654045,0.7561752795708823,97.75210933533928,-24.944206828792936,45347,"''Coolcarrigan' to     'Blake T'' (orig_from=1819, orig_to=1305)"
1819,Kilcormac,435740.68679935264,9.609030074742599,1.23654393050605,201.2965203397929,-72.87744449959307,45347,"''Derrycarney' to    'Derrinlough'' (orig_from=1558, orig_to=1800)"
1820,Clonymeath,82880.62914627578,1.8276981751003547,1.7348383963773502,119.53984891788238,-43.67782127839747,45347,"''Blundelstown' to     'Corduff'' (orig_from=1751, orig_to=1680)"
1822,Culmullin 220,25091.63277779557,0.5533250882703502,0.09609396340239056,83.23256889524623,-16.784638876226985,45347,"''maynooth' to  'Culmullin'' (orig_from=1540, orig_to=1823)"
1823,Millfarm,39754.70163492211,0.8766776553007279,0.7902571448499438,43.86353597417588,-13.947643851669556,45347,"''maynooth' to  'Culmullin'' (orig_from=1540, orig_to=1823)"
1824,White Hill,7816.393377805374,0.1723684781309761,0.4938125337075997,53.28567452470355,-37.33666379697674,45347,"''Great Island' to    'Castlebanny'' (orig_from=1627, orig_to=1831)"
1825,Coom Green,62130.23637281925,1.3701068730636923,0.7671915575245087,79.56663722872662,-94.90423576909309,45347,"''Knockraha' to    'Barrym T'' (orig_from=1597, orig_to=1224)"
1827,Metro North,47627.71123392285,1.0502946442746566,0.43955149839743374,22.89150146650086,-86.1319399946124,45347,"''Fin_urban' to   'McDermott'' (orig_from=1641, orig_to=1544)"
1828,Garr,0.0,0.0,0.0,0.0,0.0,45347,"''INCHICORE' to  'Poolbeg Sout' 2' (orig_from=756, orig_to=1496)"
1830,Castlebanny,16464.73733182376,0.363083276331924,0.5425637170475078,71.51892070383833,-27.052155400808797,45347,"''Great Island' to    'Castlebanny'' (orig_from=1627, orig_to=1831)"
1832,Mothel,39560.492514324374,0.8723949216998782,0.6132960881355971,115.84016474405034,-163.64891928329354,45347,"'Cullenagh to  Mothel' (orig_from=1683, orig_to=1835)"
1833,Test_PV,44742.02905525983,0.9866590745861872,1.054579689986551,9.41370307973499,-21.384456580579013,45347,"''Corduff' to     'Finglas'' (orig_from=1679, orig_to=1640)"
1834,Test_PV_2,57320.74981349887,1.2640472316470521,0.8065955585117377,52.70677405885025,-11.651989955712393,45347,"''Kilnap' to      'Marina'' (orig_from=739, orig_to=1526)"
1836,Flanagan BESS,85290.28396896955,1.8808363060173672,0.715887485979214,152.86858286784224,-37.94916762161855,45347,"''Cahir' to   'Kill Hill'' (orig_from=1709, orig_to=1651)"
1837,Curraghmore,64690.273539567184,1.4265612618159345,0.7819633253566775,65.86968081059048,-73.25270236961046,45347,"''Cahir' to        'Doon'' (orig_from=1709, orig_to=1667)"
1841,Coom_Green_Mallow,65080.19408855119,1.4351598581725624,0.7632179510565756,87.93124689665773,-12.189067793540245,45347,"''Kilnap' to      'Marina'' (orig_from=739, orig_to=1526)"
1842,Coom Green 220kV,39358.93806769638,0.8679502076806929,0.6052728522964229,31.827547549692017,-73.28457824938654,45347,"'Coom Green to   'Killonan'' (orig_from=1845, orig_to=1586)"
1843,Modelligo,23878.550380975357,0.5265739824238728,0.5458684078021054,60.291174039300465,-101.07728356561451,45347,"''Dungarvan' to  'Rathnaskillo'' (orig_from=1669, orig_to=1478)"
1844,Seven Hills,64154.00184217686,1.4147353042577648,1.5772216899286462,48.259670231781534,-53.500381866776685,45347,"'Feamore to   'Lanesboro'' (orig_from=1854, orig_to=1566)"
1845,Roscommon,65423.58959818639,1.4427324761987868,1.5464707706246243,44.90539309127796,-19.577592404486452,45347,"''Lanesboro' to  'Sliabh Bawn'' (orig_from=1566, orig_to=151)"
1846,Ballygar,65423.503950847444,1.4427305874886418,1.546468745893249,44.905334306111364,-19.577566775669904,45347,"''Lanesboro' to  'Sliabh Bawn'' (orig_from=1566, orig_to=151)"
1847,Offshore GC,3738.1101165226532,0.08243346013016635,0.4934116413950161,45.340592960259066,-66.05373390975113,45347,"'Kellis to      Offshore GC' (orig_from=1579, orig_to=1853)"
1848,Feamore,64154.08582237145,1.41473715620375,1.5772237548061663,48.25973340807818,-53.500451903611676,45347,"'Feamore to   'Lanesboro'' (orig_from=1854, orig_to=1566)"
1849,Knockfinglas break in,0.0,0.0,0.0,0.0,0.0,45347,"''INCHICORE' to  'Poolbeg Sout' 2' (orig_from=756, orig_to=1496)"
1851,Rathcoursey,38560.27461279942,0.8503379410501117,0.6668399783646274,77.12053076026818,-20.498481853371043,45347,"''Cow Cross' to  Rathcoursey' (orig_from=1691, orig_to=1857)"
1852,Ballydonagh,46944.7963574509,1.0352348856032572,1.0775410581284517,17.940830956411137,-14.2739770446167,45347,"''Cashla' to  'Shantallow'' (orig_from=1718, orig_to=1454)"
1853,Paddock,50513.518804096086,1.1139329791187087,0.7733047649207383,89.35417411352614,-14.72562788474847,45347,"'Paddock to Woodland' (orig_from=1859, orig_to=1430)"
1854,Ballyvalode,104590.20313148506,2.3064415095041584,0.8278278503040203,141.39059660535446,-21.84767068624851,45347,"'Killonan to   Ballyvalode' (orig_from=707, orig_to=1860)"
1855,Coolcor,54425.17042398185,1.2001934069283933,0.8103518730720852,78.84668804545419,-40.723074548698335,45347,"''Coolcarrigan' to     'Blake T'' (orig_from=1819, orig_to=1305)"
1860,Kish DC,12454.159727053298,0.27464131534728425,0.2753393142076229,11.666425250263591,-43.38172918269177,45347,"''INCHICORE' to  'Poolbeg Sout'' (orig_from=756, orig_to=1496)"
1862,Dyrick Hill,0.0,0.0,0.0,0.0,0.0,45347,"''INCHICORE' to  'Poolbeg Sout' 2' (orig_from=756, orig_to=1496)"
1863,Coumnag,0.0,0.0,0.0,0.0,0.0,45347,"''INCHICORE' to  'Poolbeg Sout' 2' (orig_from=756, orig_to=1496)"
1864,Loughryan,0.0,0.0,0.0,0.0,0.0,45347,"''INCHICORE' to  'Poolbeg Sout' 2' (orig_from=756, orig_to=1496)"
