Bus_ID,Bus_Name,Cum_OTDF,Avg_OTDF,Med_OTDF,Max_OTDF,Min_OTDF,Circuit_Involved
0,Knockraha,119876.02267389801,1.1840191878502446,1.536388040608217,147.2424706475652,-6.231829279899414,Transformer: Celtic
3,DromanaHV,118865.17927818853,1.1740350563305697,2.249737322302126,43.19156485794936,-7.740227430575213,"''Great Island' to      Offshore GC' (orig_from=1626, orig_to=1853)"
5,CurraghtownHV,93579.53358684039,0.9242879508799485,1.8468520239899144,15.398992905330758,-13.407152361795449,"''Castlebagot' to  'Maynooth A'' (orig_from=1568, orig_to=1538)"
6,HarlockstownsolarextHV,0.0,0.0,0.0,0.0,0.0,"''INCHICORE' to  'Poolbeg Sout' 2' (orig_from=756, orig_to=1496)"
8,Garballagh2SolarHV,0.0,0.0,0.0,0.0,0.0,"''INCHICORE' to  'Poolbeg Sout' 2' (orig_from=756, orig_to=1496)"
10,GormanSolarHV,84765.3911802123,0.8372303934042402,2.1436130855441577,11.399130652966832,-13.131720612315975,"''Corduff' to     'Finglas'' (orig_from=1679, orig_to=1640)"
13,Balruntagh,88278.38314800839,0.8719283238481741,2.1406484192878508,11.26963047890237,-12.537299898380674,"''Corduff' to     'Finglas'' (orig_from=1679, orig_to=1640)"
15,ballymoneen,0.0,0.0,0.0,0.0,0.0,"''INCHICORE' to  'Poolbeg Sout' 2' (orig_from=756, orig_to=1496)"
17,Ballyroe,0.0,0.0,0.0,0.0,0.0,"''INCHICORE' to  'Poolbeg Sout' 2' (orig_from=756, orig_to=1496)"
19,Monvallet,0.0,0.0,0.0,0.0,0.0,"''INCHICORE' to  'Poolbeg Sout' 2' (orig_from=756, orig_to=1496)"
21,Monatoreen,0.0,0.0,0.0,0.0,0.0,"''INCHICORE' to  'Poolbeg Sout' 2' (orig_from=756, orig_to=1496)"
23,Derrylahan,0.0,0.0,0.0,0.0,0.0,"''INCHICORE' to  'Poolbeg Sout' 2' (orig_from=756, orig_to=1496)"
25,Timoney,151494.48272693562,1.4963156968436526,1.7065935195697022,134.20613904702154,-22.919284456702,"''Cahir' to   'Kill Hill'' (orig_from=1709, orig_to=1651)"
27,CloninNorth,0.0,0.0,0.0,0.0,0.0,"''INCHICORE' to  'Poolbeg Sout' 2' (orig_from=756, orig_to=1496)"
29,Lysaghtstown,193232.6685996017,1.9085650511097012,1.6110166776014254,122.05817918080066,-10.270539701966989,"'Knockraha to Lysaghtstown' (orig_from=1594, orig_to=29)"
31,Dennistown,0.0,0.0,0.0,0.0,0.0,"''INCHICORE' to  'Poolbeg Sout' 2' (orig_from=756, orig_to=1496)"
120,Knocknamona,113104.84108367395,1.117140017617403,2.2526384916666005,63.63888190015304,-53.99353299756926,"''Dungarvan' to   'Woodhouse'' (orig_from=1669, orig_to=1423)"
146,Orieloffsho,90013.81185208586,0.8890692068950156,2.0458815731205395,12.35953275719063,-12.952930814148454,"''Corduff' to     'Finglas'' (orig_from=1679, orig_to=1640)"
147,Oriellandin,90013.8325552421,0.8890694113807309,2.045882043668428,12.359535599142488,-12.952933792859012,"''Corduff' to     'Finglas'' (orig_from=1679, orig_to=1640)"
148,Oriel,90013.97459126974,0.8890708142749739,2.045885271967693,12.3595551038323,-12.952954233885674,"''Corduff' to     'Finglas'' (orig_from=1679, orig_to=1640)"
149,CUREENY,119189.94369548642,1.177242764536386,0.834462832464917,18.959929292738227,-6.231924567672114,"''Coolshamroge' to       'Ennis'' (orig_from=1801, orig_to=1652)"
151,SliabhBawn,159833.37906035056,1.5786792341384814,2.1825610256004198,47.7430324203715,-55.214784678462735,"''Flagford' to  'Sliabh Bawn'' (orig_from=1645, orig_to=151)"
152,BUNKIMALT,119190.0256544563,1.1772435740476694,0.8344634063275015,18.9599423327718,-6.231928853801211,"''Coolshamroge' to       'Ennis'' (orig_from=1801, orig_to=1652)"
176,Portan,0.0,0.0,0.0,0.0,0.0,"''INCHICORE' to  'Poolbeg Sout' 2' (orig_from=756, orig_to=1496)"
301,Trien,108935.05646068082,1.0759549257808367,1.2632830543550195,8.466410610954457,-21.71247569560575,"''CorduffB' to    'Woodland'' (orig_from=1678, orig_to=1430)"
315,TulbrkT,108890.6273402357,1.0755160979824752,1.5200467010540737,8.040206698450385,-16.330990199496537,"''Corduff' to     'Finglas'' (orig_from=1679, orig_to=1640)"
327,Carrickalang,981318.7791450146,9.692515967652868,2.433217913253558,136.99768323471815,-27.66238085620237,"''Cath_Fall' to   'Srananagh'' (orig_from=1711, orig_to=1466)"
339,Tarbert,-185758.98660373074,-1.8347472626177168,1.2785239720187362,8.386667933089063,-175.49257582315025,"''CorduffB' to    'Woodland'' (orig_from=1678, orig_to=1430)"
340,CentralPark,-21647.196857261646,-0.21381003365362877,1.1775876127243392,21.216668159805614,-38.36093770461145,"''Carrickmines' to   'Irishtown'' (orig_from=1706, orig_to=1601)"
344,StratfT,62046.689457567365,0.6128370730166167,1.3832790078222528,11.572557379846314,-74.98544045693265,"'Lodgewood to   Offshore GC 2' (orig_from=1550, orig_to=1853)"
358,SomrstT,120842.84721143912,1.1935685437447687,1.949952636631244,36.42830083444252,-69.85368627886064,"''Cashla' to  'Shantallow'' (orig_from=1718, orig_to=1454)"
390,SKL_CAP,0.0,0.0,0.0,0.0,0.0,"''INCHICORE' to  'Poolbeg Sout' 2' (orig_from=756, orig_to=1496)"
485,OutaghT,113585.29235943509,1.1218854497450252,1.0242387883131587,43.27803106713368,-19.585676699515364,"''Clahane' to       'Trien'' (orig_from=1716, orig_to=1442)"
563,Marina,0.0,0.0,0.0,0.0,0.0,"''INCHICORE' to  'Poolbeg Sout' 2' (orig_from=756, orig_to=1496)"
624,Crory,0.0,0.0,0.0,0.0,0.0,"''INCHICORE' to  'Poolbeg Sout' 2' (orig_from=756, orig_to=1496)"
631,Lisheen,0.0,0.0,0.0,0.0,0.0,"''INCHICORE' to  'Poolbeg Sout' 2' (orig_from=756, orig_to=1496)"
663,Lisdrumdoagh,0.0,0.0,0.0,0.0,0.0,"''INCHICORE' to  'Poolbeg Sout' 2' (orig_from=756, orig_to=1496)"
674,LouthB,89488.12929364297,0.8838770239877818,2.1279389487813973,11.32534107224642,-12.391706976791896,"''Corduff' to     'Finglas'' (orig_from=1679, orig_to=1640)"
687,Kilpaddoge,119625.01962715409,1.181540022985373,0.8265699367997699,17.68467828764994,-6.2321139333192885,"''Great Island' to      Offshore GC' (orig_from=1626, orig_to=1853)"
707,Killonan2,122187.28573796654,1.2068476047011363,0.8303745959458099,17.95637168260467,-6.320898891680344,"''Coolshamroge' to       'Ennis'' (orig_from=1801, orig_to=1652)"
739,Kilnap,115743.54013902179,1.1432025298930495,1.406056720862962,69.43210396832563,-13.21401596955453,"''Kilnap' to      'Marina'' (orig_from=739, orig_to=1526)"
744,KnockanureB,107642.71979839676,1.0631904765509088,1.3511749955434964,8.695999813523752,-25.695132439155618,"''CorduffB' to    'Woodland'' (orig_from=1678, orig_to=1430)"
752,IkerinT,151933.63488074232,1.5006532162649249,1.669356060875433,134.20620443094074,-23.452917793044545,"''Cahir' to   'Kill Hill'' (orig_from=1709, orig_to=1651)"
756,INCHICORE,-92629.74385046403,-0.9149068482440025,1.2479389537396846,41.91617637478567,-39.000470105498,"''INCHICORE' to  'Poolbeg Sout'' (orig_from=756, orig_to=1496)"
774,Glenlara,0.0,0.0,0.0,0.0,0.0,"''INCHICORE' to  'Poolbeg Sout' 2' (orig_from=756, orig_to=1496)"
776,Clogher,982000.8168462676,9.699252475147095,2.4343463785417523,137.06121929875027,-27.67520996950017,"''Cath_Fall' to   'Srananagh'' (orig_from=1711, orig_to=1466)"
777,Clogher,916212.09309113,9.049455213503185,2.433248433215237,136.9994015939421,-121.9428852373633,"''Cath_Fall' to   'Srananagh'' (orig_from=1711, orig_to=1466)"
784,GormanESS,0.0,0.0,0.0,0.0,0.0,"''INCHICORE' to  'Poolbeg Sout' 2' (orig_from=756, orig_to=1496)"
792,GolaghT,985047.3366810983,9.729343045889657,2.4342700826031027,137.00141541518394,-27.663134452875227,"''Cath_Fall' to   'Srananagh'' (orig_from=1711, orig_to=1466)"
821,Griffinrath,58774.76617655233,0.5805201854565888,1.9257674973776373,10.982713756565596,-26.945407496533075,"''Coolnabacky' to  'Portlaoise'' (orig_from=1561, orig_to=1495)"
824,GrfratT,58774.776662065386,0.5805202890223259,1.9257678405805296,10.98271571347448,-26.945412297699956,"''Coolnabacky' to  'Portlaoise'' (orig_from=1561, orig_to=1495)"
860,Fassaroe_T,62396.23906151955,0.6162895852784784,2.1983656913312304,12.733333522497915,-37.14715210422288,"''INCHICORE' to  'Poolbeg Sout'' (orig_from=756, orig_to=1496)"
873,Slievecallan,112541.02158506859,1.1115711549712932,1.7061066040218469,7.454147988133728,-41.748113322573296,"''Corduff' to     'Finglas'' (orig_from=1679, orig_to=1640)"
878,Dunfir_T,57640.666632575536,0.5693186491439136,2.135832700975012,78.3809276525328,-56.98214180058117,"''Maynooth B' to    'Rinawade'' (orig_from=1539, orig_to=1481)"
896,Derryiron,0.0,0.0,0.0,0.0,0.0,"''INCHICORE' to  'Poolbeg Sout' 2' (orig_from=756, orig_to=1496)"
907,DallowT,257609.229907505,2.5444143405353845,1.88279692889931,158.02770484887805,-6.2334480901529545,"''Shannonbridg' to    'Dallow T'' (orig_from=1476, orig_to=907)"
1001,Buffy,0.0,0.0,0.0,0.0,0.0,"''INCHICORE' to  'Poolbeg Sout' 2' (orig_from=756, orig_to=1496)"
1003,Corduff,0.0,0.0,0.0,0.0,0.0,"''INCHICORE' to  'Poolbeg Sout' 2' (orig_from=756, orig_to=1496)"
1086,CookstownA,-21647.225510231954,-0.21381031665990374,1.1775891720285945,21.216696253210134,-38.360988499445696,"''Carrickmines' to   'Irishtown'' (orig_from=1706, orig_to=1601)"
1090,Castlefarm,0.0,0.0,0.0,0.0,0.0,"''INCHICORE' to  'Poolbeg Sout' 2' (orig_from=756, orig_to=1496)"
1095,Ckmn_PST,334063.02780713193,3.299550869743019,2.1954101766677843,69.11341409794524,-81.30345278982595,"''INCHICORE' to  'Poolbeg Sout'' (orig_from=756, orig_to=1496)"
1097,CKM_Country,74366.37020849572,0.7345189412661931,2.1994389369779324,13.671190085055148,-37.14728456267059,"''INCHICORE' to  'Poolbeg Sout'' (orig_from=756, orig_to=1496)"
1117,CathFall,117910.72991066005,1.1646079303734511,2.111361700818488,9.84619918946685,-18.798715264714627,"''Corduff' to     'Finglas'' (orig_from=1679, orig_to=1640)"
1170,Clonkeen,112888.81104880308,1.115006282273723,0.8020640458487074,49.75931089703499,-6.231942749497717,"''Knockanure' to  'Ballynahulla'' (orig_from=1598, orig_to=1581)"
1171,Clashavoon,111725.02415164796,1.1035115230544517,1.0767200929893537,36.04250175197247,-31.61182345381677,"''Knockanure' to  'Ballynahulla'' (orig_from=1598, orig_to=1581)"
1200,Bracetown,114624.04137052843,1.1321452058919297,1.5161133005591685,35.562565327690244,-77.76005288952119,"''Clonee' to     'Corduff'' (orig_from=1731, orig_to=1679)"
1213,Brinny,117462.06009288954,1.1601764046904988,1.3268258674757016,28.58265547454321,-9.637334263157182,"''Knockanure' to  'Ballynahulla'' (orig_from=1598, orig_to=1581)"
1224,BarrymT,146270.6772634881,1.4447200085286986,1.50147966978105,55.6227672169183,-88.58416362060649,"''Cahir' to        'Doon'' (orig_from=1709, orig_to=1667)"
1257,Croaghaun,540329.4466675571,5.33685067576233,2.240201471102331,142.10492988754373,-12.23869564490502,"''Bellacorick' to         'Moy'' (orig_from=1744, orig_to=1521)"
1259,Srahnakilly,540330.3876503746,5.336859969878755,2.240205372412972,142.10517736480503,-12.23871695874041,"''Bellacorick' to         'Moy'' (orig_from=1744, orig_to=1521)"
1261,Bellacorick,540330.0302250371,5.3368564395776295,2.2402038905372184,142.10508336086292,-12.23870886271229,"''Bellacorick' to         'Moy'' (orig_from=1744, orig_to=1521)"
1305,BlakeT,71257.74533521493,0.7038149571358085,2.076238477133108,30.91201639743483,-23.770561868580156,"''Maynooth A' to     'Timahoe'' (orig_from=1541, orig_to=1448)"
1358,Ballyvouskil,112891.1056555245,1.1150289461753617,0.8020803487865529,49.760322315834365,-6.232069421345803,"''Knockanure' to  'Ballynahulla'' (orig_from=1598, orig_to=1581)"
1377,Athea-2,0.0,0.0,0.0,0.0,0.0,"''INCHICORE' to  'Poolbeg Sout' 2' (orig_from=756, orig_to=1496)"
1401,Arigna_T,121754.65855565501,1.2025745326253643,2.1298666411757554,9.846337777175394,-22.206523773786788,"''Corduff' to     'Finglas'' (orig_from=1679, orig_to=1640)"
1409,Longpoint,0.0,0.0,0.0,0.0,0.0,"''INCHICORE' to  'Poolbeg Sout' 2' (orig_from=756, orig_to=1496)"
1420,Ardnacrusha,119192.27041147476,1.1772657455822486,0.8344791220133074,18.960299410141825,-6.232046221275254,"''Coolshamroge' to       'Ennis'' (orig_from=1801, orig_to=1652)"
1423,Woodhouse,113104.86720164842,1.1171402755854454,2.2526390113177133,63.63889657394628,-53.99354544730158,"''Dungarvan' to   'Woodhouse'' (orig_from=1669, orig_to=1423)"
1424,Whitebank,0.0,0.0,0.0,0.0,0.0,"''INCHICORE' to  'Poolbeg Sout' 2' (orig_from=756, orig_to=1496)"
1425,Coomataggart,112890.70046933102,1.1150249441387823,0.8020774699698769,49.76014371804228,-6.232047053450169,"''Knockanure' to  'Ballynahulla'' (orig_from=1598, orig_to=1581)"
1426,WolfeTone,-533727.6305556045,-5.2716443336026915,0.7925717315781515,21.948575140258377,-93.5646468622096,"''Castlebagot' to  'Maynooth A'' (orig_from=1568, orig_to=1538)"
1427,Wexford,94943.49174657404,0.9377598078579095,2.23220189376328,30.072111070970195,-45.83936066830634,"''Arklow' to   'Lodgewood'' (orig_from=1768, orig_to=1550)"
1428,Whitegate,116426.46843434659,1.1499478338125002,1.5291795783486268,27.317054772870925,-11.917316186799344,"''Great Island' to      Offshore GC' (orig_from=1626, orig_to=1853)"
1429,Woodland,89562.99145379271,0.8846164398616496,0.9647468178488744,13.813871124548188,-12.653520328546216,"''CorduffB' to    'Woodland'' (orig_from=1678, orig_to=1430)"
1430,Woodland,97323.68277080166,0.9612690283056118,1.6153953169149973,22.153319197109337,-13.884105099726511,"''Castlebagot' to  'Maynooth A'' (orig_from=1568, orig_to=1538)"
1431,Waterford,102371.9807078027,1.0111312233473524,2.2382789902527738,45.03348206759004,-34.10912243008789,"''Great Island' to      Offshore GC' (orig_from=1626, orig_to=1853)"
1432,Tipperary,147093.31782456886,1.4528452548231405,1.2640461753425616,99.49255623004106,-55.77032046344172,"''Cahir' to   'Tipperary'' (orig_from=1709, orig_to=1432)"
1433,Trillick,985050.2204395359,9.729371528861039,2.434277208684264,137.0018164915793,-27.663215437660888,"''Cath_Fall' to   'Srananagh'' (orig_from=1711, orig_to=1466)"
1434,Tonroe,129857.73118693239,1.2826088319120192,2.154544723917954,19.129435882958816,-21.480537393368568,"''Cunghill' to       'Sligo'' (orig_from=1690, orig_to=1471)"
1435,YellowMeadow,-21647.26546631603,-0.21381071130738336,1.1775913442441417,21.216735390322025,-38.36105926128493,"''Carrickmines' to   'Irishtown'' (orig_from=1706, orig_to=1601)"
1436,Thornsberry,177058.6734659167,1.7488140003547505,2.1614932408591896,192.5996502412957,-223.9176873085416,"''Derryiron' to  'Thornsberry'' (orig_from=1657, orig_to=1436)"
1437,Thurles,159451.72268421276,1.5749096022935727,1.1161678941180573,134.20844274031523,-32.587137308913704,"''Cahir' to   'Kill Hill'' (orig_from=1709, orig_to=1651)"
1438,Tullabeg,91248.11218769268,0.9012604295292872,2.1946878447544576,20.0795556237735,-42.65026910066214,"''Arklow' to   'Lodgewood'' (orig_from=1768, orig_to=1550)"
1439,Tralee,112598.6830711571,1.112140679254848,1.1313177079745789,49.12707106456052,-19.58589289543276,"''Clahane' to       'Trien'' (orig_from=1716, orig_to=1442)"
1440,CAUTEEN,193719.27881587693,1.91337131528349,1.0792801434141772,123.12423565815304,-27.60852038449288,"'Killonan to   Ballyvalode' (orig_from=707, orig_to=1860)"
1441,Cauteen,191465.46824595373,1.891110358496259,0.9965089375794784,123.12447071353898,-24.045028583986383,"'Killonan to   Ballyvalode' (orig_from=707, orig_to=1860)"
1442,Trien,109257.26700447901,1.0791374092990174,1.2394769846756566,8.409186989369326,-20.719741173218857,"''CorduffB' to    'Woodland'' (orig_from=1678, orig_to=1430)"
1443,TAWN_B,136398.70045973625,1.3472141879572943,2.124513500357996,52.47727105961546,-15.395190794052242,"''Cunghill' to       'Sligo'' (orig_from=1690, orig_to=1471)"
1444,Tawnaghmore,136398.70853472344,1.3472142677141927,2.1245136261509736,52.47727416227463,-15.395191704277654,"''Cunghill' to       'Sligo'' (orig_from=1690, orig_to=1471)"
1445,Trinity,-6993333.998421803,-69.07337644744732,-8.041371553529515,7.809930701930215,-223.67404982189504,"''INCHICORE' to  'Poolbeg Sout'' (orig_from=756, orig_to=1496)"
1446,ShellybanksB,0.0,0.0,0.0,0.0,0.0,"''INCHICORE' to  'Poolbeg Sout' 2' (orig_from=756, orig_to=1496)"
1447,Tullabrack,108890.51851009148,1.075515023063771,1.5200451817640248,8.04019866273007,-16.3309738779865,"''Corduff' to     'Finglas'' (orig_from=1679, orig_to=1640)"
1448,Timahoe,87567.93462279081,0.8649112017659224,2.088330273643732,79.73319438102695,-19.044846400860497,"''Coolcarrigan' to     'Blake T'' (orig_from=1819, orig_to=1305)"
1449,TurloughHil,62864.98663868357,0.6209194196126581,0.9881256555467476,7.13795372252115,-18.73455708330988,"''Clonee' to    'Woodland'' (orig_from=1731, orig_to=1430)"
1450,Croaghnagawn,916200.9996681863,9.049345643421269,2.4332199831286854,136.99779973935773,-121.94217232924323,"''Cath_Fall' to   'Srananagh'' (orig_from=1711, orig_to=1466)"
1451,Tievebrack,985231.2247138339,9.731159313682985,2.434729800476994,137.0272884734061,-27.66835870464112,"''Cath_Fall' to   'Srananagh'' (orig_from=1711, orig_to=1466)"
1452,Trabeg,115912.85562546697,1.1448748641954365,1.421401859209553,25.932330977754685,-23.04427387088793,"''Great Island' to      Offshore GC' (orig_from=1626, orig_to=1853)"
1453,Tynagh,114458.34618933787,1.1305086294566435,2.0031404769499743,8.784984979853657,-13.250843772175095,"''Corduff' to     'Finglas'' (orig_from=1679, orig_to=1640)"
1454,Shantallow,133373.7940644726,1.3173370938265851,1.9320956307942332,92.64891723571188,-20.84260062016913,"''Cashla' to  'Shantallow'' (orig_from=1718, orig_to=1454)"
1455,Tarbert,106812.97390749208,1.0549950506937833,1.4842218886488467,8.90550129366029,-21.81512739559828,"''CorduffB' to    'Woodland'' (orig_from=1678, orig_to=1430)"
1456,Tarbert,-184623.51872259058,-1.8235322111965093,1.2785238711484574,8.386667270809212,-175.49243592957282,"''CorduffB' to    'Woodland'' (orig_from=1678, orig_to=1430)"
1457,Tarbert,-184417.02304064654,-1.8214926469519142,1.2785202059605765,8.386643228835906,-175.49053579703997,"''CorduffB' to    'Woodland'' (orig_from=1678, orig_to=1430)"
1458,Taney,-21647.22908524846,-0.21381035197045245,1.1775893658863092,21.21669974650812,-38.360994815325405,"''Carrickmines' to   'Irishtown'' (orig_from=1706, orig_to=1601)"
1459,Shellybanks,85678.60581066593,0.846250242586458,2.202674343366961,109.25728572994944,-43.10431036062983,"''Carrickmines' to   'Irishtown'' (orig_from=1706, orig_to=1601)"
1460,Snughborough,0.0,0.0,0.0,0.0,0.0,"''INCHICORE' to  'Poolbeg Sout' 2' (orig_from=756, orig_to=1496)"
1461,Singland,119192.47397323651,1.1772677561680727,0.8344805472110685,18.960331791890827,-6.232056864825444,"''Coolshamroge' to       'Ennis'' (orig_from=1801, orig_to=1652)"
1462,SealRock,0.0,0.0,0.0,0.0,0.0,"''INCHICORE' to  'Poolbeg Sout' 2' (orig_from=756, orig_to=1496)"
1463,Stratford,62046.6466921865,0.6128366506216257,1.3832780543836367,11.572549403395437,-74.98538877279735,"'Lodgewood to   Offshore GC 2' (orig_from=1550, orig_to=1853)"
1464,SealRock,0.0,0.0,0.0,0.0,0.0,"''INCHICORE' to  'Poolbeg Sout' 2' (orig_from=756, orig_to=1496)"
1465,Srananagh,392207.5706588565,3.8738463199057382,2.2383388149683974,119.72156395801754,-16.41739301388412,"''Flagford' to   'Srananagh'' (orig_from=1644, orig_to=1465)"
1466,Srananagh,117305.45990830475,1.1586296598183095,2.111462917734192,9.84667120616886,-39.57557514684679,"''Corduff' to     'Finglas'' (orig_from=1679, orig_to=1640)"
1467,Stephenstown,108460.98166735985,1.0712724743677204,1.2104045574963844,26.17667574862229,-90.95643213408574,"''Fin_urban' to   'McDermott'' (orig_from=1641, orig_to=1544)"
1468,Shellybanks,110676.38784684312,1.0931541098014037,1.2022304446805907,27.90698373268706,-90.95613918699216,"''Fin_urban' to   'McDermott'' (orig_from=1641, orig_to=1544)"
1469,Somerset,120842.7638869754,1.1935677207464606,1.9499512924616225,36.42827572602422,-69.85363813180898,"''Cashla' to  'Shantallow'' (orig_from=1718, orig_to=1454)"
1470,SorneHill,985048.723174743,9.729356740330317,2.4342735087151586,137.00160824914704,-27.66317338963983,"''Cath_Fall' to   'Srananagh'' (orig_from=1711, orig_to=1466)"
1471,Sligo,117694.77955323047,1.162474982006326,2.1112349023802306,9.817938261183956,-34.66685705639795,"''Corduff' to     'Finglas'' (orig_from=1679, orig_to=1640)"
1472,Shankill,99705.70184144478,0.9847963044243645,2.066297999237679,10.890517690577974,-10.731218262553275,"''Corduff' to     'Finglas'' (orig_from=1679, orig_to=1640)"
1473,Salthill,117129.97756495838,1.1568964152793557,1.910177551754635,8.529977488684734,-19.014010075280385,"''Corduff' to     'Finglas'' (orig_from=1679, orig_to=1640)"
1474,Shannonbridg,397379.18646892824,3.924926529398274,2.1223261166002936,128.19211425465892,-7.002954682567496,"''Shannonbridge' to  'Castlelost'' (orig_from=1474, orig_to=1816)"
1475,Shannonbridg,119579.67667857776,1.1810921692782632,1.6944699001618475,11.038734289148938,-6.232750215628045,"''Cashla' to  'Shantallow'' (orig_from=1718, orig_to=1454)"
1476,Shannonbridg,119523.69679787158,1.1805392542631397,1.94601814153282,19.603342285103512,-6.233553979861247,"''Cashla' to  'Shantallow'' (orig_from=1718, orig_to=1454)"
1477,SheltonAbbe,0.0,0.0,0.0,0.0,0.0,"''INCHICORE' to  'Poolbeg Sout' 2' (orig_from=756, orig_to=1496)"
1478,Rathnaskillo,102128.86020694641,1.0087299146322921,2.244231888723291,41.80281388256101,-43.95236669929171,"''Great Island' to      Offshore GC' (orig_from=1626, orig_to=1853)"
1479,Ratrussan,96975.57824430839,0.9578307891185578,2.060544291033823,11.036208539087353,-11.117383486402696,"''Corduff' to     'Finglas'' (orig_from=1679, orig_to=1640)"
1480,Ringaskiddy,116421.40286413173,1.1498978010186354,1.4334171364064057,26.14027825552876,-16.792970488065038,"''Great Island' to      Offshore GC' (orig_from=1626, orig_to=1853)"
1481,Rinawade,113864.96393523482,1.1246477745590875,2.1716043023474736,104.31874987476462,-21.392114321488297,"''Maynooth B' to    'Rinawade'' (orig_from=1539, orig_to=1481)"
1482,RaffeenB,116421.48792375659,1.149898641155184,1.433418183604808,26.14029735515754,-16.79298275804925,"''Great Island' to      Offshore GC' (orig_from=1626, orig_to=1853)"
1483,Raffeen,116686.16301462479,1.152512845223219,1.5209346545384186,27.46093228540894,-9.952645920554168,"''Great Island' to      Offshore GC' (orig_from=1626, orig_to=1853)"
1484,Raffeen,116385.45952725137,1.1495427875673008,1.4737715800858433,26.67781611715921,-16.328850135880632,"''Great Island' to      Offshore GC' (orig_from=1626, orig_to=1853)"
1485,Richmond,175784.6900946058,1.7362308271480644,2.1806758804928164,36.38491208492904,-7.774950874578653,"''Lanesboro' to  'Sliabh Bawn'' (orig_from=1566, orig_to=151)"
1486,Richmond,174441.2170502913,1.72296130228941,2.1792771765358574,23.347277824617517,-7.774958984443335,"''Clonfad' to   'Mullingar'' (orig_from=1724, orig_to=1523)"
1487,Oldbridge,87281.20109946406,0.8620791258774662,2.0625390616116803,13.24545704237095,-13.21317025340374,"''Corduff' to     'Finglas'' (orig_from=1679, orig_to=1640)"
1488,Rathkeale,114693.36450978967,1.1328299126849688,1.1069686911456682,14.030405153060675,-8.586760441079761,"''Coolshamroge' to       'Ennis'' (orig_from=1801, orig_to=1652)"
1489,Ringsend,-6993344.13005475,-69.07347651789965,-8.041383203715341,7.809942016808945,-223.6743738711733,"''INCHICORE' to  'Poolbeg Sout'' (orig_from=756, orig_to=1496)"
1490,Ryebrook,70630.23355977565,0.6976170038992113,2.161797894967539,28.995660727196466,-13.98706333682026,"''Castlebagot' to  'Maynooth A'' (orig_from=1568, orig_to=1538)"
1491,Prospect,107105.16171155864,1.0578809986819955,1.5005801700504262,8.785582049019236,-21.24373502896876,"''CorduffB' to    'Woodland'' (orig_from=1678, orig_to=1430)"
1492,PotteryRoad,-4617894.30381265,-45.61108502950911,-2.76032087506623,10.575822472071328,-223.67591308846735,"''INCHICORE' to  'Poolbeg Sout'' (orig_from=756, orig_to=1496)"
1493,Platin,87185.72344929515,0.8611360901703309,2.062665572840816,13.272955875783124,-13.233340106096795,"''Corduff' to     'Finglas'' (orig_from=1679, orig_to=1640)"
1494,Pelletstown,-136931.0510273861,-1.3524722309979367,1.6318829537611172,21.948579415371736,-60.35488490548842,"''Castlebagot' to  'Maynooth A'' (orig_from=1568, orig_to=1538)"
1495,Portlaoise,125655.16511030766,1.2410999566428729,0.9975678689170736,66.67847343803696,-16.890328641596497,"''Coolnabacky' to  'Portlaoise'' (orig_from=1561, orig_to=1495)"
1496,PoolbegSout,389653.6120220393,3.848620791367863,2.1954189532250954,82.09469466438601,-96.57433682095473,"''INCHICORE' to  'Poolbeg Sout'' (orig_from=756, orig_to=1496)"
1498,PoolbegNort,104977.95077990381,1.0368704704420348,1.2259860043099016,23.337946354053976,-90.96416820022864,"''Fin_urban' to   'McDermott'' (orig_from=1641, orig_to=1544)"
1500,Pollahoney,95412.30206966666,0.9423902619355689,2.195007215680121,12.3024994038503,-33.39048713224143,"''INCHICORE' to  'Poolbeg Sout'' (orig_from=756, orig_to=1496)"
1501,Pollaphuca,62046.21162506375,0.6128323534501827,1.3832683550938318,11.57246825846299,-74.98486298670942,"'Lodgewood to   Offshore GC 2' (orig_from=1550, orig_to=1853)"
1502,Poppintree,108603.48495977928,1.0726799837994891,1.2099967698750211,26.26457633893221,-90.9569260235439,"''Fin_urban' to   'McDermott'' (orig_from=1641, orig_to=1544)"
1503,Oldstreet,92401.73779427659,0.9126548253669474,0.91595462713694,13.00668025867766,-11.3692356828923,"''CorduffB' to    'Woodland'' (orig_from=1678, orig_to=1430)"
1505,Glenree,138458.3870436952,1.3675577761242057,2.127151269764204,64.88268451962131,-21.18516204413788,"''Cunghill' to       'Sligo'' (orig_from=1690, orig_to=1471)"
1506,Oughtragh,113584.86176884356,1.1218811967884197,1.0242349053442454,43.2778670047,-19.58560245224501,"''Clahane' to       'Trien'' (orig_from=1716, orig_to=1442)"
1507,Oldcourt,116562.04129731379,1.1512868911779721,1.4865792366524522,26.830355250991182,-14.680378794099234,"''Great Island' to      Offshore GC' (orig_from=1626, orig_to=1853)"
1508,Oldcourt,116562.04486912464,1.1512869264568586,1.4865792824323718,26.83035607583821,-14.680379245432997,"''Great Island' to      Offshore GC' (orig_from=1626, orig_to=1853)"
1509,Nangor,-21647.242481708727,-0.21381048428770533,1.177590094780253,21.21671287874988,-38.361018559018895,"''Carrickmines' to   'Irishtown'' (orig_from=1706, orig_to=1601)"
1510,Nenagh,119189.70393884629,1.1772403964526277,0.8344611540649711,18.959891155656017,-6.23191203242114,"''Coolshamroge' to       'Ennis'' (orig_from=1801, orig_to=1652)"
1511,NorthWall,104977.97174584698,1.0368706775233048,1.225986249343186,23.337951019566702,-90.96418638335754,"''Fin_urban' to   'McDermott'' (orig_from=1641, orig_to=1544)"
1512,Navan,85293.41603400094,0.842445711235132,2.143143234043803,11.379651529757158,-13.042348133049806,"''Corduff' to     'Finglas'' (orig_from=1679, orig_to=1640)"
1513,NorthQuays,-5678122.426264374,-56.08299102439008,-5.021753755597897,7.263424893217273,-223.67473100978404,"''INCHICORE' to  'Poolbeg Sout'' (orig_from=756, orig_to=1496)"
1514,Newbridge,80791.55318617792,0.7979806724892875,2.084196902992247,29.74924540557835,-14.521743522334209,"''Coolnabacky' to  'Portlaoise'' (orig_from=1561, orig_to=1495)"
1515,Bancroft,74366.32121895024,0.7345184573949354,2.199437488350296,13.671181082798656,-37.14726010231222,"''INCHICORE' to  'Poolbeg Sout'' (orig_from=756, orig_to=1496)"
1516,Newbury,108545.86608549886,1.0721108803940822,1.2094139397732062,26.387302169318037,-90.95669636272277,"''Fin_urban' to   'McDermott'' (orig_from=1641, orig_to=1544)"
1517,Mulreavy,117908.54053928895,1.164586305884626,2.1113224966431643,9.846016361747065,-18.79836620323257,"''Corduff' to     'Finglas'' (orig_from=1679, orig_to=1640)"
1518,Monread,73004.40439945014,0.7210667627976705,2.067085814309485,23.758241971703598,-100.08112895309772,"''Coolnabacky' to  'Portlaoise'' (orig_from=1561, orig_to=1495)"
1519,Meentycat,985058.3912813892,9.72945223251903,2.434296437078252,137.00289866565345,-27.66343394873176,"''Cath_Fall' to   'Srananagh'' (orig_from=1711, orig_to=1466)"
1520,Mullagharlin,89222.99093634872,0.881258244222912,2.1220826700034765,11.41051353588769,-12.481361809416022,"''Corduff' to     'Finglas'' (orig_from=1679, orig_to=1640)"
1521,Moy,136399.09059569618,1.3472180413422508,2.1245195771743246,52.47742116630842,-15.395234830658037,"''Cunghill' to       'Sligo'' (orig_from=1690, orig_to=1471)"
1522,Mallow,116864.58414807591,1.1542751162830354,1.1062411696472885,49.52766422518836,-9.360237929705058,"''Kilnap' to      'Marina'' (orig_from=739, orig_to=1526)"
1523,Mullingar,324411.9921378177,3.204227291597785,2.3130850820510656,69.40406862018197,-10.231701462225343,"''Clonfad' to   'Mullingar'' (orig_from=1724, orig_to=1523)"
1524,MungretB,0.0,0.0,0.0,0.0,0.0,"''INCHICORE' to  'Poolbeg Sout' 2' (orig_from=756, orig_to=1496)"
1525,MungretA,0.0,0.0,0.0,0.0,0.0,"''INCHICORE' to  'Poolbeg Sout' 2' (orig_from=756, orig_to=1496)"
1526,Marina,115883.61734410196,1.1445860767850458,1.419491976386831,25.905607241858977,-23.42801964999992,"''Great Island' to      Offshore GC' (orig_from=1626, orig_to=1853)"
1527,MNYPG2,106508.04395580415,1.0519832481189604,1.503718873027727,8.992584394300122,-21.60320937380084,"''CorduffB' to    'Woodland'' (orig_from=1678, orig_to=1430)"
1528,MNYPG3,82310.18879742835,0.8129802834453884,0.8886507247943879,10.816554284679295,-14.452096894213458,"''CorduffB' to    'Woodland'' (orig_from=1678, orig_to=1430)"
1529,Moneypoint,106508.3207472291,1.0519859819964354,1.5037227809810318,8.992607764326184,-21.603265516643276,"''CorduffB' to    'Woodland'' (orig_from=1678, orig_to=1430)"
1530,Moneypoint,107645.74873610145,1.0632203934624076,1.356176632292149,8.292496308904656,-106.31066420835796,"''CorduffB' to    'Woodland'' (orig_from=1678, orig_to=1430)"
1531,MnypB,106808.3032342876,1.0549489183099174,1.4773536953022326,8.906905057080765,-21.78949394868558,"''CorduffB' to    'Woodland'' (orig_from=1678, orig_to=1430)"
1532,MNYPG1,101845.60779495077,1.005932221788244,0.9167847624036402,10.321484828274857,-18.266438363778157,"''CorduffB' to    'Woodland'' (orig_from=1678, orig_to=1430)"
1533,Moneteen,118237.7207168105,1.1678376286909031,0.8838021815219085,21.38071709184061,-6.232285962100082,"''Coolshamroge' to       'Ennis'' (orig_from=1801, orig_to=1652)"
1534,Carrigdangan,110796.42250498332,1.0943396958366667,1.1046091049509166,34.48278846958736,-43.26899603268027,"''Knockanure' to  'Ballynahulla'' (orig_from=1598, orig_to=1581)"
1535,Macroom,110799.85895658676,1.0943736377755617,1.104643365367646,34.48385798585506,-43.27033806153446,"''Knockanure' to  'Ballynahulla'' (orig_from=1598, orig_to=1581)"
1536,Milltown,-21647.265406072827,-0.2138107107123594,1.177591342063716,21.216735351373465,-38.36105919099819,"''Carrickmines' to   'Irishtown'' (orig_from=1706, orig_to=1601)"
1537,Milltown,-6993342.262040586,-69.07345806746591,-8.04138105543433,7.809939930358181,-223.6743141248697,"''INCHICORE' to  'Poolbeg Sout'' (orig_from=756, orig_to=1496)"
1538,MaynoothA,57598.07991902662,0.568898018855515,1.9368459795836928,54.45811658841464,-15.086147044348367,"''Castlebagot' to  'Maynooth A'' (orig_from=1568, orig_to=1538)"
1539,MaynoothB,56156.95470174557,0.5546639804607197,2.136181832744967,34.41844310075202,-14.108153316029796,"''Castlebagot' to  'Maynooth A'' (orig_from=1568, orig_to=1538)"
1540,MaynoothB,48718.78027297588,0.4811969013084683,1.8803163769055828,9.820940143496935,-23.93920138138324,"''Castlebagot' to   'Inchicore'' (orig_from=1568, orig_to=1605)"
1541,MaynoothA,58774.817277229864,0.5805206901795631,1.9257691711271616,10.98272330155114,-26.94543091451173,"''Coolnabacky' to  'Portlaoise'' (orig_from=1561, orig_to=1495)"
1542,MeathHill,87720.26206826659,0.8664157446616286,2.1383977947557,11.352902976499896,-12.668592823982657,"''Corduff' to     'Finglas'' (orig_from=1679, orig_to=1640)"
1543,Midleton,170738.9767710054,1.6863941604129131,1.5952686498002118,122.05804499272064,-10.48107784085396,"'Knockraha to Lysaghtstown' (orig_from=1594, orig_to=29)"
1544,McDermott,-597302.168150446,-5.899572009980207,0.7924960707130164,21.948581384181065,-102.2227736412919,"''Castlebagot' to  'Maynooth A'' (orig_from=1568, orig_to=1538)"
1545,Macetown,0.0,0.0,0.0,0.0,0.0,"''INCHICORE' to  'Poolbeg Sout' 2' (orig_from=756, orig_to=1496)"
1546,MiseryHill,-6993336.218042895,-69.07339837071356,-8.041374105817242,7.809933180759869,-223.67412081420443,"''INCHICORE' to  'Poolbeg Sout'' (orig_from=756, orig_to=1496)"
1547,Aungierstown,15450.456762990034,0.15260463986359854,1.6097633892104954,19.211938669399373,-41.98455511555407,"''Castlebagot' to   'Inchicore'' (orig_from=1568, orig_to=1605)"
1549,Barnakyle,0.0,0.0,0.0,0.0,0.0,"''INCHICORE' to  'Poolbeg Sout' 2' (orig_from=756, orig_to=1496)"
1550,Lodgewood,82096.77744852337,0.8108724129440799,2.20031082038284,52.57098844707282,-51.31272041713957,"''Arklow' to   'Lodgewood'' (orig_from=1768, orig_to=1550)"
1551,Lodgewood,84834.70661562936,0.8379150241061718,2.1948117936301714,37.37558834882344,-104.3504010267064,"''Arklow' to   'Lodgewood'' (orig_from=1768, orig_to=1550)"
1552,CureenyT,119190.47556139063,1.177248017792391,0.8344665560753602,18.960013897929137,-6.231952376500143,"''Coolshamroge' to       'Ennis'' (orig_from=1801, orig_to=1652)"
1553,Lisheen,159881.14322803754,1.579151002301719,1.1172384824926804,134.20796172123843,-32.587020512718894,"''Cahir' to   'Kill Hill'' (orig_from=1709, orig_to=1651)"
1554,LibertySt,0.0,0.0,0.0,0.0,0.0,"''INCHICORE' to  'Poolbeg Sout' 2' (orig_from=756, orig_to=1496)"
1555,LibertySt,0.0,0.0,0.0,0.0,0.0,"''INCHICORE' to  'Poolbeg Sout' 2' (orig_from=756, orig_to=1496)"
1556,Lenalea,985112.9295652438,9.729990908837411,2.4344336034131446,137.01061841180194,-27.664992709106457,"''Cath_Fall' to   'Srananagh'' (orig_from=1711, orig_to=1466)"
1557,Letterkenny,985073.2832953753,9.729599321402294,2.434334202269049,137.00502409795257,-27.6638631130563,"''Cath_Fall' to   'Srananagh'' (orig_from=1711, orig_to=1466)"
1558,Derrycarney,660718.4001979529,6.525936097564847,2.1024469181340573,173.7696266486786,-6.233422174386008,"''Derrycarney' to    'Derrinlough'' (orig_from=1558, orig_to=1800)"
1559,Lisdrum,94666.47190095221,0.9350236742649238,2.086573951394492,11.1048181914992,-11.4979930667374,"''Corduff' to     'Finglas'' (orig_from=1679, orig_to=1640)"
1560,Coolnabacky,82310.28213609761,0.8129812053543148,0.8886517322862059,10.816566547667309,-14.452113279102544,"''CorduffB' to    'Woodland'' (orig_from=1678, orig_to=1430)"
1561,Coolnabacky,45893.82144234094,0.4532946954648717,0.8006072451779105,14.380640594151608,-69.44906937833409,"''Cushaling' to   'Newbridge'' (orig_from=1689, orig_to=1514)"
1563,Limerick,119323.76222871571,1.178564494332715,0.8645173561040673,23.63202266656868,-6.232261856951218,"''Coolshamroge' to       'Ennis'' (orig_from=1801, orig_to=1652)"
1564,Louth,87854.99426034979,0.8677464986947483,2.131776900114549,11.147747980388562,-12.67793851560307,"''Corduff' to     'Finglas'' (orig_from=1679, orig_to=1640)"
1565,LouthA,89076.24547481572,0.8798088347554518,2.117473739096764,11.4579544729976,-12.531302949487449,"''Corduff' to     'Finglas'' (orig_from=1679, orig_to=1640)"
1566,Lanesboro,175785.63004145853,1.7362401110322339,2.180687540623477,36.38510663781975,-7.774992447819264,"''Lanesboro' to  'Sliabh Bawn'' (orig_from=1566, orig_to=151)"
1567,Coolnanoonag,0.0,0.0,0.0,0.0,0.0,"''INCHICORE' to  'Poolbeg Sout' 2' (orig_from=756, orig_to=1496)"
1568,Castlebagot,15450.531212974609,0.15260537520840148,1.609771145444855,19.212031237223403,-41.98475740740602,"''Castlebagot' to   'Inchicore'' (orig_from=1568, orig_to=1605)"
1569,Castlebagot,15450.466356570656,0.1526047346196914,1.609764387808263,19.211950587155894,-41.984581159800825,"''Castlebagot' to   'Inchicore'' (orig_from=1568, orig_to=1605)"
1570,KILP,102196.2643612638,1.0093956675516205,0.9145266829901936,10.222029552718752,-18.527794110826207,"''CorduffB' to    'Woodland'' (orig_from=1678, orig_to=1430)"
1571,Kilpaddoge,106756.15267947342,1.0544338256652024,1.4811163297656602,8.928829158739083,-21.92627734334812,"''CorduffB' to    'Woodland'' (orig_from=1678, orig_to=1430)"
1572,Kilpaddoge,109567.12799535175,1.0821979159005557,1.278653729969501,8.386678051045543,-18.524658678389244,"''CorduffB' to    'Woodland'' (orig_from=1678, orig_to=1430)"
1573,Kilmahud,0.0,0.0,0.0,0.0,0.0,"''INCHICORE' to  'Poolbeg Sout' 2' (orig_from=756, orig_to=1496)"
1574,Kilmore,108801.24840140766,1.0746332994360972,1.2099900289633834,26.386968090874056,-90.9567107273992,"''Fin_urban' to   'McDermott'' (orig_from=1641, orig_to=1544)"
1575,Killoteran,102309.467057634,1.0105137740889327,2.2387370557653665,45.08857557003141,-35.091078883422846,"''Great Island' to      Offshore GC' (orig_from=1626, orig_to=1853)"
1576,Knockacummer,0.0,0.0,0.0,0.0,0.0,"''INCHICORE' to  'Poolbeg Sout' 2' (orig_from=756, orig_to=1496)"
1577,Kinnegad,96637.08301744756,0.9544874612815206,2.123968451397784,67.00950037677454,-29.73026063414624,"''Derryiron' to    'Kinnegad'' (orig_from=1657, orig_to=1577)"
1578,Kellystown,77190.44181104371,0.7624123839305024,2.133586141856642,38.52558448986171,-14.493300159709284,"''Castlebagot' to  'Maynooth A'' (orig_from=1568, orig_to=1538)"
1579,Kellis,65714.59934720352,0.6490651325715198,1.960670948191308,12.639820530465656,-33.62955858777358,"'Lodgewood to   Offshore GC 2' (orig_from=1550, orig_to=1853)"
1580,Kellis,63245.27336045536,0.6246755233389832,1.4921440562939678,19.36671981531357,-28.272908019023276,"''Carlow' to      'Kellis'' (orig_from=1692, orig_to=1580)"
1581,Ballynahulla,111455.894200256,1.1008533181910811,0.9582119560481764,57.573021741044094,-6.232350240431468,"''Knockanure' to  'Ballynahulla'' (orig_from=1598, orig_to=1581)"
1582,Ballynahulla,111455.27037153783,1.1008471566155151,0.9582065927493248,57.572699494242805,-6.2323153568402505,"''Knockanure' to  'Ballynahulla'' (orig_from=1598, orig_to=1581)"
1583,Ballynahulla,0.0,0.0,0.0,0.0,0.0,"''INCHICORE' to  'Poolbeg Sout' 2' (orig_from=756, orig_to=1496)"
1584,Knockumber,85293.23671652276,0.8424439401108476,2.143138728605411,11.37962760718398,-13.042320715243642,"''Corduff' to     'Finglas'' (orig_from=1679, orig_to=1640)"
1585,Knockeragh,115560.18271300831,1.1413915029187447,0.9396807587255904,31.580588037959952,-19.58553256935405,"''Clahane' to       'Trien'' (orig_from=1716, orig_to=1442)"
1586,Killonan,119625.74869474527,1.1815472240085463,0.8265749741794425,17.68478606551513,-6.232151914473061,"''Great Island' to      Offshore GC' (orig_from=1626, orig_to=1853)"
1587,Killonan,119192.78594448933,1.1772708375177967,0.8344827313917309,18.960381419357088,-6.232073176839498,"''Coolshamroge' to       'Ennis'' (orig_from=1801, orig_to=1652)"
1588,Kishoge,15450.459853092327,0.15260467038463457,1.609763710364888,19.211942502212786,-41.984563491696726,"''Castlebagot' to   'Inchicore'' (orig_from=1568, orig_to=1605)"
1589,Kilkenny,70049.55096780024,0.6918815839577287,1.7052502847604931,14.297581518004566,-35.405777202838216,"'Lodgewood to   Offshore GC 2' (orig_from=1550, orig_to=1853)"
1590,Reamore,112598.64957790286,1.112140348440939,1.1313173717381948,49.12705645796235,-19.58588707209626,"''Clahane' to       'Trien'' (orig_from=1716, orig_to=1442)"
1591,Kilteel,68714.51426155957,0.6786953850714561,2.0651751208256304,20.012829440069314,-100.0808315567155,"''Coolnabacky' to  'Portlaoise'' (orig_from=1561, orig_to=1495)"
1592,Kilcarbery,0.0,0.0,0.0,0.0,0.0,"''INCHICORE' to  'Poolbeg Sout' 2' (orig_from=756, orig_to=1496)"
1593,Kilbarry,115841.51136671376,1.1441701947425924,1.407296124837741,25.845456065745,-17.8838508994446,"''Knockanure' to  'Ballynahulla'' (orig_from=1598, orig_to=1581)"
1594,Knockraha,115833.97519436052,1.1440957597349057,1.6144382942266846,27.942261205773548,-9.753799754159624,"''Great Island' to      Offshore GC' (orig_from=1626, orig_to=1853)"
1595,Knockraha,116490.14013446226,1.1505767211661047,1.5419399146563464,27.571528937652943,-9.906928933000678,"''Great Island' to      Offshore GC' (orig_from=1626, orig_to=1853)"
1596,Knockraha,117046.43301006705,1.1560712431237794,1.536108232371401,27.945688481812088,-6.231840316830072,"''Great Island' to      Offshore GC' (orig_from=1626, orig_to=1853)"
1597,Knockraha,117343.82465089322,1.1590085895688007,1.4711007764530604,26.71425853512661,-12.684047746185607,"''Great Island' to      Offshore GC' (orig_from=1626, orig_to=1853)"
1598,Knockanure,107644.52726424526,1.0632083289470617,1.3511976839129756,8.69614583328997,-25.69556390166981,"''CorduffB' to    'Woodland'' (orig_from=1678, orig_to=1430)"
1599,Knockanure,108686.82109955963,1.073503097432561,1.2736438838785908,8.510570570878999,-22.478243936246592,"''CorduffB' to    'Woodland'' (orig_from=1678, orig_to=1430)"
1600,Knockanure,109335.83934689754,1.0799134707580378,1.242446939170567,8.403463347609607,-20.1623505625118,"''CorduffB' to    'Woodland'' (orig_from=1678, orig_to=1430)"
1601,Irishtown,85672.32058173123,0.8461881631856509,2.202674783921065,109.25730758365944,-43.10431898225558,"''Carrickmines' to   'Irishtown'' (orig_from=1706, orig_to=1601)"
1602,Monatooreen,117343.80118452641,1.159008357790769,1.4711004824210132,26.71425319429784,-12.684045210200932,"''Great Island' to      Offshore GC' (orig_from=1626, orig_to=1853)"
1603,Ikerrin,0.0,0.0,0.0,0.0,0.0,"''INCHICORE' to  'Poolbeg Sout' 2' (orig_from=756, orig_to=1496)"
1604,Inch_Country,-21647.285984355964,-0.21381091396469915,1.1775924610174635,21.21675551123421,-38.36109564109727,"''Carrickmines' to   'Irishtown'' (orig_from=1706, orig_to=1601)"
1605,Inchicore,49334.08140835884,0.487274249675133,0.6349498787181983,37.56804473471186,-53.76784749359479,"''Carrickmines' to   'Irishtown'' (orig_from=1706, orig_to=1601)"
1606,Inch_City,-21647.34656640271,-0.21381151233545073,1.1775957565732962,21.216814887717803,-38.36120299720927,"''Carrickmines' to   'Irishtown'' (orig_from=1706, orig_to=1601)"
1607,Iniscarra,113389.35933508027,1.1199502131965062,1.2596590518829698,30.045744385821862,-27.90447322920986,"''Knockanure' to  'Ballynahulla'' (orig_from=1598, orig_to=1581)"
1608,Huntstown,115351.65492848035,1.1393318675340052,1.2017513035815366,28.008501907280245,-84.7262263682928,"''Fin_urban' to   'McDermott'' (orig_from=1641, orig_to=1544)"
1609,HeustonSqua,-21647.332111403943,-0.21381136956298033,1.1775949700608737,21.216800717536263,-38.36117737647911,"''Carrickmines' to   'Irishtown'' (orig_from=1706, orig_to=1601)"
1610,HaroldsCros,-6993333.881049476,-69.0733752881572,-8.04137141866632,7.80993057094855,-223.67404606768005,"''INCHICORE' to  'Poolbeg Sout'' (orig_from=756, orig_to=1496)"
1611,Harristown,109538.96878780096,1.081919786535641,2.1342402157356024,67.00898295552435,-27.19733350223828,"''Derryiron' to    'Kinnegad'' (orig_from=1657, orig_to=1577)"
1612,Glenlara,117728.08426589772,1.1628039336846039,0.8952563590288611,34.19046635104588,-6.390742415953996,"''Kilnap' to      'Marina'' (orig_from=739, orig_to=1526)"
1613,Clogher,0.0,0.0,0.0,0.0,0.0,"''INCHICORE' to  'Poolbeg Sout' 2' (orig_from=756, orig_to=1496)"
1614,Clogher,117908.6468920157,1.1645873563338012,2.1113244011490075,9.846025243974356,-18.79838316144676,"''Corduff' to     'Finglas'' (orig_from=1679, orig_to=1640)"
1615,GrangeCastl,-21647.24470112338,-0.2138105062089326,1.1775902155438287,21.216715054472004,-38.36102249269285,"''Carrickmines' to   'Irishtown'' (orig_from=1706, orig_to=1601)"
1616,Glanagow,116746.48064881441,1.1531086043638146,1.5237471090448984,27.54371351510981,-9.321395469894002,"''Great Island' to      Offshore GC' (orig_from=1626, orig_to=1853)"
1617,Gorman,73930.93120909733,0.7302180967859877,1.9354213550464328,9.357071554139775,-14.082993382871168,"''Castlebagot' to   'Inchicore'' (orig_from=1568, orig_to=1605)"
1618,Gorman,84765.3991926342,0.8372304725431794,2.143613288407316,11.399131734408243,-13.131721858005848,"''Corduff' to     'Finglas'' (orig_from=1679, orig_to=1640)"
1619,Gortawee,268435.9804770883,2.651350491155991,2.151329642543113,121.5640397724622,-13.792437263623777,"''Arva' to    'Gortawee'' (orig_from=1763, orig_to=1620)"
1620,Golagh,985046.0064060374,9.729329906721688,2.434266795123864,137.00123039557516,-27.663097093964968,"''Cath_Fall' to   'Srananagh'' (orig_from=1711, orig_to=1466)"
1621,Gallanstown,90400.08639368768,0.8928844525032119,1.8886173503601809,18.440918961061875,-23.639014140366843,"''Castlebagot' to  'Maynooth A'' (orig_from=1568, orig_to=1538)"
1622,Galway,117130.06942480511,1.1568973225819064,1.9101790498952853,8.529984178516463,-19.014024987372665,"''Corduff' to     'Finglas'' (orig_from=1679, orig_to=1640)"
1623,Garrow,112889.09848577554,1.1150091212976003,0.8020660881741283,49.75943759898115,-6.231958617859729,"''Knockanure' to  'Ballynahulla'' (orig_from=1598, orig_to=1581)"
1624,Grange,108584.83419113354,1.0724957695800637,1.2094109525656227,26.388091993634596,-90.95674695831136,"''Fin_urban' to   'McDermott'' (orig_from=1641, orig_to=1544)"
1625,GreatIsland,125661.93220919593,1.241166795488132,2.244885059000259,71.10812770306354,-14.095102298786626,"''Great Island' to      Offshore GC' (orig_from=1626, orig_to=1853)"
1626,GreatIsland,103042.41624522953,1.0177531359102132,2.236047920470262,44.44227994488168,-35.503378023248644,"''Great Island' to      Offshore GC' (orig_from=1626, orig_to=1853)"
1627,Glanlee,112888.32531152542,1.115001484631591,0.8020605947852965,49.75909679309243,-6.231915934740036,"''Knockanure' to  'Ballynahulla'' (orig_from=1598, orig_to=1581)"
1628,Griffinrath,0.0,0.0,0.0,0.0,0.0,"''INCHICORE' to  'Poolbeg Sout' 2' (orig_from=756, orig_to=1496)"
1629,Glasmore,108461.14295849863,1.0712740674452925,1.2104063575287405,26.17671467720565,-90.95656739998712,"''Fin_urban' to   'McDermott'' (orig_from=1641, orig_to=1544)"
1630,Garballagh,86459.80712547127,0.8539661921622922,2.0980273688342685,12.7110233425965,-13.20284906032435,"''Corduff' to     'Finglas'' (orig_from=1679, orig_to=1640)"
1631,Gilra,126215.77190533,1.2466370873162131,2.146611561447749,9.809906478222974,-25.42802058200406,"''Corduff' to     'Finglas'' (orig_from=1679, orig_to=1640)"
1632,Garvagh,119507.47066673644,1.180378988263484,2.114914118807274,9.846444211605403,-30.32120446034717,"''Corduff' to     'Finglas'' (orig_from=1679, orig_to=1640)"
1633,Glen,0.0,0.0,0.0,0.0,0.0,"''INCHICORE' to  'Poolbeg Sout' 2' (orig_from=756, orig_to=1496)"
1634,Firlough,137913.94766586056,1.3621803315310441,2.1263258000835115,61.60401331056859,-19.654915295430563,"''Cunghill' to       'Sligo'' (orig_from=1690, orig_to=1471)"
1635,Fortunestown,-21647.207099213683,-0.2138101348137062,1.1775881695621864,21.216678191278422,-38.36095584216769,"''Carrickmines' to   'Irishtown'' (orig_from=1706, orig_to=1601)"
1636,FinglasB5,0.0,0.0,0.0,0.0,0.0,"''INCHICORE' to  'Poolbeg Sout' 2' (orig_from=756, orig_to=1496)"
1637,Fin_rural,108461.80659743851,1.0712806222276507,1.2104137638933774,26.176874850413,-90.95712395588647,"''Fin_urban' to   'McDermott'' (orig_from=1641, orig_to=1544)"
1638,Finglas220b,104978.04679810422,1.0368714188167734,1.2259871258768835,23.337967704234003,-90.96425141539514,"''Fin_urban' to   'McDermott'' (orig_from=1641, orig_to=1544)"
1639,Finglas,115351.67800199488,1.1393320954318227,1.2017515438096935,28.00850750548152,-84.72624330341804,"''Fin_urban' to   'McDermott'' (orig_from=1641, orig_to=1544)"
1640,Fin_urban,177213.28527116368,1.7503411059426508,2.36785745179138,54.1222191586881,-60.35506745092509,"''Fin_urban' to   'McDermott'' (orig_from=1641, orig_to=1544)"
1641,FrnStB,-21647.330269229056,-0.21381135136776191,1.177594870876037,21.21679892983447,-38.36117414399511,"''Carrickmines' to   'Irishtown'' (orig_from=1706, orig_to=1601)"
1642,FrnStA,-6993332.504458597,-69.07336169152647,-8.041369835663977,7.809929033507019,-223.67400203916188,"''INCHICORE' to  'Poolbeg Sout'' (orig_from=756, orig_to=1496)"
1643,Flagford,114629.71684657855,1.132201262744615,2.109717790140521,11.404874492618196,-14.41777292944932,Transformer: SRA2101'
1644,Flagford,126216.23299086861,1.2466416414723553,2.146619403107344,9.809942314596691,-25.428113472026283,"''Corduff' to     'Finglas'' (orig_from=1679, orig_to=1640)"
1645,FassWest,74366.17843431728,0.7345170471066944,2.1994332653622486,13.671154833723293,-37.14718877827914,"''INCHICORE' to  'Poolbeg Sout'' (orig_from=756, orig_to=1496)"
1646,FassEast,62396.13178952206,0.6162885257496377,2.198361912337074,12.733311633590413,-37.14708824835805,"''INCHICORE' to  'Poolbeg Sout'' (orig_from=756, orig_to=1496)"
1647,Corkagh_2,0.0,0.0,0.0,0.0,0.0,"''INCHICORE' to  'Poolbeg Sout' 2' (orig_from=756, orig_to=1496)"
1648,Corkagh,0.0,0.0,0.0,0.0,0.0,"''INCHICORE' to  'Poolbeg Sout' 2' (orig_from=756, orig_to=1496)"
1649,Mountlucas,142408.032562199,1.4065685472092349,2.125272585595884,188.59587725536812,-192.97801546809555,"''Cushaling' to  'Mountlucas'' (orig_from=1689, orig_to=1650)"
1650,KillHill,159891.95693984826,1.5792578096681145,1.0868497855871129,134.21272346908515,-40.14450492411885,"''Cahir' to   'Kill Hill'' (orig_from=1709, orig_to=1651)"
1651,Ennis,112541.55499950031,1.1115764235221524,1.706114690653438,7.454183319381635,-41.7483112012192,"''Corduff' to     'Finglas'' (orig_from=1679, orig_to=1640)"
1652,Drumkeen,985060.0846274775,9.729468957750777,2.4343006219083247,137.00313417476252,-27.663481502410665,"''Cath_Fall' to   'Srananagh'' (orig_from=1711, orig_to=1466)"
1653,Dunfirth,0.0,0.0,0.0,0.0,0.0,"''INCHICORE' to  'Poolbeg Sout' 2' (orig_from=756, orig_to=1496)"
1654,Dalton,122088.2105115902,1.205869035622403,2.023358120977389,8.821987286351478,-16.141108571378584,"''Corduff' to     'Finglas'' (orig_from=1679, orig_to=1640)"
1655,Derrylahan,119523.64529479016,1.1805387455656098,1.946017302873649,19.603333836224653,-6.2335512932433375,"''Cashla' to  'Shantallow'' (orig_from=1718, orig_to=1454)"
1656,Derryiron,91416.47714972543,0.9029233754726201,2.0955686431096,39.338845828619775,-50.22538173108343,"''Maynooth A' to     'Timahoe'' (orig_from=1541, orig_to=1448)"
1657,Dardistown,108777.8372740301,1.0744020670060754,1.2100326115427156,26.37808243765055,-90.9567521752162,"''Fin_urban' to   'McDermott'' (orig_from=1641, orig_to=1544)"
1658,Dallow,257608.14680395715,2.5444036426881045,1.8827890127104092,158.02704043008686,-6.233421881980071,"''Shannonbridg' to    'Dallow T'' (orig_from=1476, orig_to=907)"
1659,Derrybrien,115719.89660733723,1.142969001998491,2.002204512318881,9.332861399674515,-24.99529534178382,"''Castlebagot' to  'Maynooth A'' (orig_from=1568, orig_to=1538)"
1660,Dunmanway,118467.68172471542,1.170108960686606,1.2223830376665168,31.221635922733817,-6.231550146335185,"''Knockanure' to  'Ballynahulla'' (orig_from=1598, orig_to=1581)"
1661,Dunmanway,110796.86263824668,1.0943440430465374,1.1046134931329123,34.482925453170296,-43.269167919613125,"''Knockanure' to  'Ballynahulla'' (orig_from=1598, orig_to=1581)"
1662,Dunstown,82310.33152186696,0.812981693139088,0.8886522657358764,10.816573039926892,-14.452121953244374,"''CorduffB' to    'Woodland'' (orig_from=1678, orig_to=1430)"
1663,Dunstown,69939.279879183,0.6907924330009679,0.5090924681499052,7.504082565512328,-17.520179674637035,"''Clonee' to    'Woodland'' (orig_from=1731, orig_to=1430)"
1664,Drybridge,87376.85036831349,0.863023856667623,2.062522245973955,13.217944632887985,-13.192993709198005,"''Corduff' to     'Finglas'' (orig_from=1679, orig_to=1640)"
1665,Knockalough,117127.57293505185,1.156872664675311,1.9101383364436049,8.52980237139631,-19.01361972441324,"''Corduff' to     'Finglas'' (orig_from=1679, orig_to=1640)"
1666,Doon,-4011.335499785115,-0.03962008494034387,2.0902154174915486,100.4098384351367,-152.8484752541344,"'Cullenagh to  Mothel' (orig_from=1683, orig_to=1835)"
1667,Drombeg,110481.23645445613,1.0912265934560337,1.2181159173818248,13.285772157788216,-18.8447165816918,"''Clahane' to       'Trien'' (orig_from=1716, orig_to=1442)"
1668,Dungarvan,102685.73308866662,1.0142301653283285,2.2448979486238856,38.531566701943774,-56.07897577190075,"''Great Island' to      Offshore GC' (orig_from=1626, orig_to=1853)"
1669,Dromada,107642.21105290845,1.0631854516559676,1.3511686097277344,8.695958715417374,-25.695011001781143,"''CorduffB' to    'Woodland'' (orig_from=1678, orig_to=1430)"
1670,Drumline,184362.21394125585,1.8209512957800962,1.468718428874042,155.4584187813519,-6.232723017108275,"''Ardnacrusha' to    'Drumline'' (orig_from=1780, orig_to=1671)"
1671,Ugool,117302.88905160378,1.1586042673870687,1.9101664283181536,8.529927816382328,-19.01389935156837,"''Corduff' to     'Finglas'' (orig_from=1679, orig_to=1640)"
1672,Dundalk,89307.881845986,0.8820967143660033,2.1244608800543228,11.383173186459386,-12.452581796374474,"''Corduff' to     'Finglas'' (orig_from=1679, orig_to=1640)"
1673,Knockranny,117127.74849287116,1.1568743986653283,1.9101411993609911,8.529815155619735,-19.01364822127173,"''Corduff' to     'Finglas'' (orig_from=1679, orig_to=1640)"
1674,KnockrannyA,117302.93650582754,1.1586047360939062,1.9101672007175865,8.529931266168978,-19.01390704112136,"''Corduff' to     'Finglas'' (orig_from=1679, orig_to=1640)"
1676,CRUISERATH,0.0,0.0,0.0,0.0,0.0,"''INCHICORE' to  'Poolbeg Sout' 2' (orig_from=756, orig_to=1496)"
1677,CorduffB,112380.41974627473,1.109984885636572,1.4624938558408167,24.654593135331925,-61.13899533304647,"''CorduffB' to  'Finglas220b'' (orig_from=1678, orig_to=1639)"
1678,Corduff,119804.99521126025,1.183317647402442,1.3621302724134752,32.02257753348197,-69.84574401271136,"''Corduff' to     'Finglas'' (orig_from=1679, orig_to=1640)"
1679,Corduff,91359.25829335266,0.9023582230564735,1.8664657600138663,21.22924462258553,-27.918284781570627,"''Castlebagot' to  'Maynooth A'' (orig_from=1568, orig_to=1538)"
1680,CityWest,-21647.20794282209,-0.21381014314605254,1.1775882161376303,21.21667903067114,-38.360957359990245,"''Carrickmines' to   'Irishtown'' (orig_from=1706, orig_to=1601)"
1681,Cullenagh,120684.36278483295,1.19200318815579,2.247960130065448,58.43760009712264,-14.374936022293516,"''Great Island' to      Offshore GC' (orig_from=1626, orig_to=1853)"
1682,Cullenagh,101439.47768551545,1.0019208621217388,2.244265394918936,45.85646128278216,-48.77085663852061,"''Great Island' to      Offshore GC' (orig_from=1626, orig_to=1853)"
1683,Castledockre,84834.63181994822,0.8379142853469131,2.1948098584898026,37.37555539655418,-104.35030902592408,"''Arklow' to   'Lodgewood'' (orig_from=1768, orig_to=1550)"
1684,Corraclassy,503845.30241755384,4.976495653292052,2.262757411000099,136.1975032993975,-14.422108239818176,"''Corraclassy' to    'Gortawee'' (orig_from=1685, orig_to=1620)"
1685,Coomagearlahey,112888.34789035984,1.1150017076434375,0.8020607551802218,49.7591067449072,-6.231917181110592,"''Knockanure' to  'Ballynahulla'' (orig_from=1598, orig_to=1581)"
1686,Castleview,117091.3369993852,1.156514761216704,1.4760940682531345,26.751687379752124,-13.328321929453502,"''Great Island' to      Offshore GC' (orig_from=1626, orig_to=1853)"
1687,Carrowbeg,124353.55394857642,1.2282439028947247,2.071282445664392,8.955399817866578,-14.82839206925132,"''Corduff' to     'Finglas'' (orig_from=1679, orig_to=1640)"
1688,Cushaling,112896.20268583733,1.1150792897015884,2.104567150436545,72.76025466530679,-17.369283276550636,"''Cushaling' to   'Newbridge'' (orig_from=1689, orig_to=1514)"
1689,Cunghill,141117.54331146687,1.3938223449204097,2.1255878359659746,80.88945291818827,-28.65588237894338,"''Cunghill' to       'Sligo'' (orig_from=1690, orig_to=1471)"
1690,Cow Cross,116562.1334602112,1.1512878014737637,1.4865804121328132,26.83037646684413,-14.68039040252478,"''Great Island' to      Offshore GC' (orig_from=1626, orig_to=1853)"
1691,Carlow,62047.81846505912,0.612848224258572,1.3833041783489568,11.572767957725365,-74.98680491548859,"'Lodgewood to   Offshore GC 2' (orig_from=1550, orig_to=1853)"
1692,Charleville,117729.78668536345,1.1628207485343813,0.8952693050997997,34.19096076790009,-6.390834830416685,"''Kilnap' to      'Marina'' (orig_from=739, orig_to=1526)"
1693,College Park,0.0,0.0,0.0,0.0,0.0,"''INCHICORE' to  'Poolbeg Sout' 2' (orig_from=756, orig_to=1496)"
1694,Carrick on Shannon,125018.57739116694,1.2348123600293046,2.1453834734423487,9.846220011672076,-24.704906721718373,"''Corduff' to     'Finglas'' (orig_from=1679, orig_to=1640)"
1695,Cherrywood,53293.768292784924,0.5263841996423025,2.196274788749564,12.02016930396284,-40.41658269056707,"''INCHICORE' to  'Poolbeg Sout'' (orig_from=756, orig_to=1496)"
1696,Crane,89814.57763770242,0.8871013643903641,2.1948300454815906,31.505107692527417,-45.84005403214592,"''Arklow' to   'Lodgewood'' (orig_from=1768, orig_to=1550)"
1697,Screeb,117126.48055497272,1.1568618752034443,1.910120521631772,8.529722818312315,-19.01344239384036,"''Corduff' to     'Finglas'' (orig_from=1679, orig_to=1640)"
1698,Cloon,130117.09862877105,1.285170612166241,2.056244824098694,9.588378474450764,-15.885332514361638,"''Clonfad' to   'Mullingar'' (orig_from=1724, orig_to=1523)"
1699,Clutterland,0.0,0.0,0.0,0.0,0.0,"''INCHICORE' to  'Poolbeg Sout' 2' (orig_from=756, orig_to=1496)"
1700,Darndale,0.0,0.0,0.0,0.0,0.0,"''INCHICORE' to  'Poolbeg Sout' 2' (orig_from=756, orig_to=1496)"
1701,Cookstown,74366.18573576632,0.7345171192233327,2.19943348104524,13.671156172516046,-37.14719241576417,"''INCHICORE' to  'Poolbeg Sout'' (orig_from=756, orig_to=1496)"
1702,Bracklone,104681.99841681379,1.03394733978778,1.82980350988156,49.414660299152025,-12.004495985522563,"''Coolnabacky' to  'Portlaoise'' (orig_from=1561, orig_to=1495)"
1703,Castle farm,0.0,0.0,0.0,0.0,0.0,"''INCHICORE' to  'Poolbeg Sout' 2' (orig_from=756, orig_to=1496)"
1704,Cliff,982007.6776830348,9.699320239844287,2.434363386576782,137.06217688709344,-27.675403324416905,"''Cath_Fall' to   'Srananagh'' (orig_from=1711, orig_to=1466)"
1705,Carrickmines,107886.31274108177,1.0655964515885403,2.200050055336387,16.2975564037091,-37.1480713185996,"''INCHICORE' to  'Poolbeg Sout'' (orig_from=756, orig_to=1496)"
1706,Carrickmines,43593.48374835522,0.43057418883258647,2.196425833765144,11.260173673722573,-44.53278797190633,"''INCHICORE' to  'Poolbeg Sout'' (orig_from=756, orig_to=1496)"
1707,Cromcastle,108801.22558634516,1.0746330740910184,1.2099897751799822,26.386962556285592,-90.95669164914077,"''Fin_urban' to   'McDermott'' (orig_from=1641, orig_to=1544)"
1708,Cahir,153917.85845145007,1.5202514539132803,1.5346215143477897,62.0770718591362,-46.5475258262771,"''Cahir' to        'Doon'' (orig_from=1709, orig_to=1667)"
1709,Cromcastle,108801.2255743676,1.0746330739727157,1.2099897751799822,26.386962556285592,-90.95669164903188,"''Fin_urban' to   'McDermott'' (orig_from=1641, orig_to=1544)"
1710,Cath_Fall,982009.4854618927,9.699338095332044,2.4343678680117526,137.06242920609267,-27.67545427230612,"''Cath_Fall' to   'Srananagh'' (orig_from=1711, orig_to=1466)"
1711,CentralPark,-21647.20489320146,-0.21381011302485514,1.1775880495851083,21.2166760304373,-38.36095193542699,"''Carrickmines' to   'Irishtown'' (orig_from=1706, orig_to=1601)"
1712,Carrigadrohi,111147.69343516463,1.0978092096909935,1.125618964928356,33.83110992369593,-41.15506712100363,"''Knockanure' to  'Ballynahulla'' (orig_from=1598, orig_to=1581)"
1713,Cloncreen,0.0,0.0,0.0,0.0,0.0,"''INCHICORE' to  'Poolbeg Sout' 2' (orig_from=756, orig_to=1496)"
1714,Castlebar,124354.52295752458,1.2282534738261106,2.0712985855156134,8.955469600790643,-14.828507615891548,"''Corduff' to     'Finglas'' (orig_from=1679, orig_to=1640)"
1715,Clahane,112029.88885551362,1.1065226811745135,1.1960286190520837,71.60398325176725,-20.256160176297133,"''Clahane' to       'Trien'' (orig_from=1716, orig_to=1442)"
1716,Cashla,114458.73199342434,1.1305124400555517,2.003147229092981,8.7850145914451,-13.250888437924772,"''Corduff' to     'Finglas'' (orig_from=1679, orig_to=1640)"
1717,Cashla,117131.00938261245,1.1569066065742748,1.9101943721775116,8.530052600808814,-19.014177505874763,"''Corduff' to     'Finglas'' (orig_from=1679, orig_to=1640)"
1718,Corderry,119507.69521384113,1.18038120612219,2.114918092845325,9.846462713694695,-30.321261436658403,"''Corduff' to     'Finglas'' (orig_from=1679, orig_to=1640)"
1719,Coolroe,113808.31023252654,1.1240882041831848,1.2850830660273591,29.32793608711604,-25.41916359442108,"''Knockanure' to  'Ballynahulla'' (orig_from=1598, orig_to=1581)"
1720,Clonkeen,117385.10188738507,1.1594162861117594,0.7944544287079394,36.27081591292276,-6.231921207738683,"''Clashavoon' to     'Macroom' 2' (orig_from=1723, orig_to=1535)"
1721,Clashavoon,114543.5903705057,1.1313505888735809,0.9941892344014648,40.78855303860718,-6.231968996135272,"''Knockanure' to  'Ballynahulla'' (orig_from=1598, orig_to=1581)"
1722,Clashavoon,119972.85298938639,1.1849755838746248,1.0697446220527127,49.85738756945881,-6.231749106818664,"''Clashavoon' to     'Macroom' 2' (orig_from=1723, orig_to=1535)"
1723,Clonfad,198273.93140421854,1.958357759931044,2.253632019123284,86.09922273981219,-36.32360640539986,"''Clonfad' to    'Kinnegad'' (orig_from=1724, orig_to=1577)"
1724,Cabra,-365945.7307393582,-3.6144573138363194,0.7929491943534082,21.948570256020645,-70.71467714363168,"''Castlebagot' to  'Maynooth A'' (orig_from=1568, orig_to=1538)"
1725,Ardnagappary,985219.369483274,9.731042219203655,2.4347005034117517,137.02563963595497,-27.668025773680363,"''Cath_Fall' to   'Srananagh'' (orig_from=1711, orig_to=1466)"
1726,Coolderrig,-21647.242097260492,-0.21381048049049822,1.177590074272462,21.21671250935524,-38.361017890902886,"''Carrickmines' to   'Irishtown'' (orig_from=1706, orig_to=1601)"
1727,Boggeragh,190023.8294229153,1.8768712472014943,1.0903115666297412,119.45142443003814,-6.231735060225273,"''Boggeragh' to  'Clashavoon'' (orig_from=1728, orig_to=1171)"
1728,Banoge,92395.81163650124,0.9125962925230998,2.19476897247496,10.934871780635046,-40.09739097619672,"''Arklow' to   'Lodgewood'' (orig_from=1768, orig_to=1550)"
1729,Ballyadam,134845.6736167363,1.3318748937402964,1.5785161077161465,121.72398711819169,-10.71481051985902,"''Ballyadam' to   'Whitegate'' (orig_from=1730, orig_to=1428)"
1730,Clonee,114624.05284029317,1.1321453191791513,1.516113452087693,35.562568882219615,-77.7600606613843,"''Clonee' to     'Corduff'' (orig_from=1731, orig_to=1679)"
1731,Cloghboola,108934.84436472727,1.0759528309025361,1.2632805946586072,8.466394126549075,-21.71243342071172,"''CorduffB' to    'Woodland'' (orig_from=1678, orig_to=1430)"
1732,Brinny,117462.06487278869,1.1601764519017106,1.3268259213650602,28.58265664145824,-9.637334656622622,"''Knockanure' to  'Ballynahulla'' (orig_from=1598, orig_to=1581)"
1733,Deenes,88400.92463020637,0.8731386698622783,1.97721697115642,14.499593171977384,-13.665719874246657,"''Corduff' to     'Finglas'' (orig_from=1679, orig_to=1640)"
1734,Butlerstown,102129.42484432322,1.0087354915731466,2.239803167291024,45.24738132820835,-37.92078481192045,"''Great Island' to      Offshore GC' (orig_from=1626, orig_to=1853)"
1735,Belcamp,110676.42545824155,1.0931544812903506,1.202230853322932,27.906993217367493,-90.95617010106515,"''Fin_urban' to   'McDermott'' (orig_from=1641, orig_to=1544)"
1736,Belcamp,108930.89678234016,1.0759138405090638,1.2095186599482968,26.48665533102024,-90.95667920288136,"''Fin_urban' to   'McDermott'' (orig_from=1641, orig_to=1544)"
1737,Barrymore,0.0,0.0,0.0,0.0,0.0,"''INCHICORE' to  'Poolbeg Sout' 2' (orig_from=756, orig_to=1496)"
1738,Cloghran,91359.23263548514,0.9023579696329215,1.8664652356788385,21.22923865735896,-27.91827693668503,"''Castlebagot' to  'Maynooth A'' (orig_from=1568, orig_to=1538)"
1739,Bandon,117462.1658379474,1.1601774491377095,1.326827061758902,28.58268120836765,-9.637342939900368,"''Knockanure' to  'Ballynahulla'' (orig_from=1598, orig_to=1581)"
1740,Ballyragget,59420.68214737421,0.5868999175008565,0.830848579600555,10.769998585358472,-50.38450034112325,"'Lodgewood to   Offshore GC 2' (orig_from=1550, orig_to=1853)"
1741,Blackrock,-5911887.349670273,-58.391894411282266,-5.021706773778448,9.453164955214756,-223.67517946536023,"''INCHICORE' to  'Poolbeg Sout'' (orig_from=756, orig_to=1496)"
1742,AirtonRoad,-21647.336025607874,-0.21381140822369377,1.1775951840958403,21.216804573000843,-38.36118434756289,"''Carrickmines' to   'Irishtown'' (orig_from=1706, orig_to=1601)"
1743,Bellacorick,540330.9826677045,5.336865846883347,2.2402078392863385,142.10533384805004,-12.23873043574118,"''Bellacorick' to         'Moy'' (orig_from=1744, orig_to=1521)"
1744,BarnahelyB,116421.41691355169,1.1498979397851912,1.4334173094145717,26.140281411664382,-16.792972515732995,"''Great Island' to      Offshore GC' (orig_from=1626, orig_to=1853)"
1745,Barnahely,116385.39084035075,1.1495421091446565,1.4737707104703106,26.677800374863352,-16.32884050053182,"''Great Island' to      Offshore GC' (orig_from=1626, orig_to=1853)"
1746,Barnageeragh,0.0,0.0,0.0,0.0,0.0,"''INCHICORE' to  'Poolbeg Sout' 2' (orig_from=756, orig_to=1496)"
1747,Ballydine,29131.571615394972,0.28773343488957454,2.262605400011486,100.41020789354788,-152.84817896856669,"'Cullenagh to  Mothel' (orig_from=1683, orig_to=1835)"
1748,Baroda,77400.95307532416,0.7644916102061747,2.068307834567372,27.59665409324461,-100.0817385041218,"''Coolnabacky' to  'Portlaoise'' (orig_from=1561, orig_to=1495)"
1749,Binbane,985329.3267686579,9.732128270716162,2.4349749381549595,137.04108489075864,-27.671144457966363,"''Cath_Fall' to   'Srananagh'' (orig_from=1711, orig_to=1466)"
1750,Blundelstown,83599.07105180738,0.8257106133814744,1.9722013201505868,102.26356042300615,-26.116806106461024,"''Blundelstown' to     'Corduff'' (orig_from=1751, orig_to=1680)"
1751,Blake,0.0,0.0,0.0,0.0,0.0,"''INCHICORE' to  'Poolbeg Sout' 2' (orig_from=756, orig_to=1496)"
1752,Cordal,111455.14826381831,1.1008459505537884,0.9582055428676692,57.572636419247104,-6.232308528883398,"''Knockanure' to  'Ballynahulla'' (orig_from=1598, orig_to=1581)"
1753,Ballybeg,101390.55251557764,1.00143762670332,2.200403461030117,14.466908933707549,-33.109519376798346,"''INCHICORE' to  'Poolbeg Sout'' (orig_from=756, orig_to=1496)"
1754,Ballylickey,110795.81750157097,1.0943337201992294,1.1046030731403398,34.482600177381826,-43.268759763657485,"''Knockanure' to  'Ballynahulla'' (orig_from=1598, orig_to=1581)"
1755,Baltrasna,89553.98706311041,0.8845275032160641,1.9178524765983624,15.9423371796101,-19.22178517036648,"''Corduff' to     'Finglas'' (orig_from=1679, orig_to=1640)"
1756,Booltiagh,110443.41379847057,1.090853017911705,1.4187433226109851,7.790876380025882,-27.06642428023573,"''Corduff' to     'Finglas'' (orig_from=1679, orig_to=1640)"
1757,Ballywater,89814.36648099255,0.8870992787890024,2.1948248853747505,31.505033621865888,-45.839946259019065,"''Arklow' to   'Lodgewood'' (orig_from=1768, orig_to=1550)"
1758,Athy,53570.504915180296,0.5291175358307106,0.788623350897257,10.17242057900735,-51.02346740763125,"''Cushaling' to   'Newbridge'' (orig_from=1689, orig_to=1514)"
1759,Ballyvouskil,112892.36939608336,1.1150414281799927,0.8020893277054727,49.76087935362278,-6.232139185713908,"''Knockanure' to  'Ballynahulla'' (orig_from=1598, orig_to=1581)"
1760,Ballyvouskil,112889.21006765547,1.1150102233952834,0.802066881057545,49.75948678561824,-6.231964778080554,"''Knockanure' to  'Ballynahulla'' (orig_from=1598, orig_to=1581)"
1761,Artane,-372276.8715695167,-3.676990187856356,0.8422696643483243,61.57296472123598,-69.14485311717281,"''Artane' to   'McDermott'' (orig_from=1762, orig_to=1544)"
1762,Arva,103068.28696413751,1.018008661801941,2.0806306125619978,10.724755660443163,-12.610452342617226,"''Corduff' to     'Finglas'' (orig_from=1679, orig_to=1640)"
1763,Aughinish,114283.30575978053,1.1287797497138676,1.1352869338644895,13.18142953065058,-9.380151157258526,"''Coolshamroge' to       'Ennis'' (orig_from=1801, orig_to=1652)"
1764,Ballinknocka,113624.42499936417,1.1222719640413272,1.1815959568956338,11.814939158928937,-10.657402600545709,"''Coolshamroge' to       'Ennis'' (orig_from=1801, orig_to=1652)"
1765,Athlone,142183.95103596413,1.4043552870360425,2.075533382719237,19.60293338120217,-6.234448041060518,"''Cashla' to  'Shantallow'' (orig_from=1718, orig_to=1454)"
1766,Athea,107642.27228905352,1.0631860564872688,1.3511693784096692,8.69596366235097,-25.695025619006994,"''CorduffB' to    'Woodland'' (orig_from=1678, orig_to=1430)"
1767,Arklow,96977.24489892041,0.9578472507177679,2.2003291919642822,13.223115855280687,-30.365616495388583,"''INCHICORE' to  'Poolbeg Sout'' (orig_from=756, orig_to=1496)"
1768,Arklow,95412.3383289714,0.9423906200698444,2.195008049797979,12.302504078487368,-33.39049981948903,"''INCHICORE' to  'Poolbeg Sout'' (orig_from=756, orig_to=1496)"
1770,Adamstown,-21647.2425133571,-0.2138104846002973,1.177590096686429,21.216712913053147,-38.36101862104542,"''Carrickmines' to   'Irishtown'' (orig_from=1706, orig_to=1601)"
1771,Ahane,122187.13553522907,1.2068461211440473,0.8303735750710071,17.95634960713539,-6.320891120801148,"''Coolshamroge' to       'Ennis'' (orig_from=1801, orig_to=1652)"
1772,AghT2102,116764.61322065869,1.1532877003373865,1.5256570107871126,27.579041945721,-9.094526134935906,"''Great Island' to      Offshore GC' (orig_from=1626, orig_to=1853)"
1773,Agannygal,115720.21564972283,1.1429721531900126,2.0022100323543706,9.332887130609,-24.995364254430907,"''Castlebagot' to  'Maynooth A'' (orig_from=1568, orig_to=1538)"
1774,Agh_AT14,0.0,0.0,0.0,0.0,0.0,"''INCHICORE' to  'Poolbeg Sout' 2' (orig_from=756, orig_to=1496)"
1775,Arigna,0.0,0.0,0.0,0.0,0.0,"''INCHICORE' to  'Poolbeg Sout' 2' (orig_from=756, orig_to=1496)"
1776,Aghada_B,116771.17875523049,1.1533525483256506,1.5248167929673229,27.57758321155721,-9.063165062930706,"''Great Island' to      Offshore GC' (orig_from=1626, orig_to=1853)"
1777,Aghada,116770.81966997507,1.1533490016294639,1.525506422768788,27.58383676463978,-9.04293139684669,"''Great Island' to      Offshore GC' (orig_from=1626, orig_to=1853)"
1778,Aghada,116459.47200145379,1.1502738110667567,1.5287781513727974,27.34268595505171,-11.640856264916634,"''Great Island' to      Offshore GC' (orig_from=1626, orig_to=1853)"
1779,Ardnacrusha,120226.4918654268,1.1874807829070748,1.0810965079980397,41.60712791396643,-6.232515943810264,"''Coolshamroge' to       'Ennis'' (orig_from=1801, orig_to=1652)"
1786,RosspileHV,98257.8570219453,0.9704958963103886,2.2330674308630365,29.1463681951986,-45.83913667022862,"''Arklow' to   'Lodgewood'' (orig_from=1768, orig_to=1550)"
1788,SligoBESS,0.0,0.0,0.0,0.0,0.0,"''INCHICORE' to  'Poolbeg Sout' 2' (orig_from=756, orig_to=1496)"
1790,SrahnanaBallysumahanBESS,0.0,0.0,0.0,0.0,0.0,"''INCHICORE' to  'Poolbeg Sout' 2' (orig_from=756, orig_to=1496)"
1792,FlagfordBESSHV,0.0,0.0,0.0,0.0,0.0,"''INCHICORE' to  'Poolbeg Sout' 2' (orig_from=756, orig_to=1496)"
1794,LyrenacarrigaWFHV,114796.10335457513,1.1338446674361708,2.1527753454730405,49.6751747547447,-17.88005786312114,"''Dungarvan' to   'Woodhouse'' (orig_from=1669, orig_to=1423)"
1796,RathnaskillogeBESSHV,0.0,0.0,0.0,0.0,0.0,"''INCHICORE' to  'Poolbeg Sout' 2' (orig_from=756, orig_to=1496)"
1798,FlagfordBESSHV,0.0,0.0,0.0,0.0,0.0,"''INCHICORE' to  'Poolbeg Sout' 2' (orig_from=756, orig_to=1496)"
1799,Derrinlough,395900.49854526465,3.910321482989428,1.98287636268235,165.8725280250676,-6.233428760641391,"''Derrinlough' to    'Dallow T'' (orig_from=1800, orig_to=907)"
1800,Coolshamroge,390424.4317086781,3.8562342012808344,1.91119557717829,169.5767575351194,-6.232803693606692,"''Coolshamroge' to       'Ennis'' (orig_from=1801, orig_to=1652)"
1801,Shanonagh,308350.77586929343,3.0455901611861664,2.2822217349414067,64.42702583835063,-9.662103983399808,"''Clonfad' to   'Mullingar'' (orig_from=1724, orig_to=1523)"
1802,Effernoge,89171.65349131658,0.8807511826886916,2.194835037752136,33.259569805203306,-46.29578509788976,"''Arklow' to   'Lodgewood'' (orig_from=1768, orig_to=1550)"
1803,YellowRiver,0.0,0.0,0.0,0.0,0.0,"''INCHICORE' to  'Poolbeg Sout' 2' (orig_from=756, orig_to=1496)"
1806,Mulgeeth,122629.83407574231,1.2112186683366322,2.146240397683292,72.16559736614921,-24.627400878267142,"''Maynooth B' to    'Rinawade'' (orig_from=1539, orig_to=1481)"
1807,Garrintaggart,52922.83784896741,0.5227205081630442,0.801643843612453,12.1482525198963,-59.54216709024132,"''Cushaling' to   'Newbridge'' (orig_from=1689, orig_to=1514)"
1808,Shrownoen,159829.55874067728,1.5786415007227743,1.4406712303007396,117.18704401838704,-18.72945432996625,"''Kilpaddoge' to      'Shrownoen'' (orig_from=1572, orig_to=1809)"
1809,Philipstown,113501.68217159437,1.1210596293307755,2.104187421340182,70.1212177819226,-16.991626959569565,"''Cushaling' to   'Newbridge'' (orig_from=1689, orig_to=1514)"
1810,Lislea,97397.33091158819,0.9619964532726375,2.0612657049703444,10.988633735589769,-11.026886516414535,"''Corduff' to     'Finglas'' (orig_from=1679, orig_to=1640)"
1813,Craddanstown,354983.74125810474,3.506185404297543,2.2457917309821043,124.9093648222787,-13.47171098782682,"''Mullingar ' to   'Craddanstown'' (orig_from=1523, orig_to=1814)"
1814,Rathcobican,90711.99036326288,0.8959651376686542,0.9346545683288184,13.487148412828097,-11.58232780691197,"''CorduffB' to    'Woodland'' (orig_from=1678, orig_to=1430)"
1815,Castlelost,174576.89365649092,1.7243013843300008,2.011159820363365,127.76466132067152,-11.059834060260094,"''Maynooth A' to  'Castlelost'' (orig_from=1538, orig_to=1816)"
1817,Derrygreenagh,0.0,0.0,0.0,0.0,0.0,"''INCHICORE' to  'Poolbeg Sout' 2' (orig_from=756, orig_to=1496)"
1818,Coolcarrigan,88446.06180985481,0.8735844911833158,2.088099726193342,84.64417201479198,-16.986283039240618,"''Coolcarrigan' to     'Blake T'' (orig_from=1819, orig_to=1305)"
1819,Kilcormac,671171.8096867896,6.629184746770602,2.0972888300400205,173.76903403891376,-8.411202989822682,"''Derrycarney' to    'Derrinlough'' (orig_from=1558, orig_to=1800)"
1820,Clonymeath,67947.67858617469,0.6711213253610024,1.995131145119476,102.26309542174822,-38.80833156889528,"''Blundelstown' to     'Corduff'' (orig_from=1751, orig_to=1680)"
1822,Culmullin 220,58990.87638806605,0.5826547127074527,1.8733046146220145,9.631938357304154,-16.196886845838748,"''Castlebagot' to   'Inchicore'' (orig_from=1568, orig_to=1605)"
1823,Millfarm,86108.99461905904,0.8505012061737275,2.141033781565578,11.378083762245524,-12.921077070574391,"''Corduff' to     'Finglas'' (orig_from=1679, orig_to=1640)"
1824,White Hill,67014.21145972346,0.6619014416487082,1.6030593262346893,13.22854649062038,-32.22396615104165,"'Lodgewood to   Offshore GC 2' (orig_from=1550, orig_to=1853)"
1825,Coom Green,146270.08342455426,1.4447141431631614,1.5014735739429663,55.622541393998695,-88.58380397768875,"''Cahir' to        'Doon'' (orig_from=1709, orig_to=1667)"
1827,Metro North,108545.83649508755,1.0721105881286737,1.2094136099537152,26.38729497262931,-90.95667155636689,"''Fin_urban' to   'McDermott'' (orig_from=1641, orig_to=1544)"
1828,Garr,0.0,0.0,0.0,0.0,0.0,"''INCHICORE' to  'Poolbeg Sout' 2' (orig_from=756, orig_to=1496)"
1830,Castlebanny,86746.81312554349,0.8568009593120004,2.257595725951751,24.003961767087016,-23.696184775332032,"''Great Island' to      Offshore GC' (orig_from=1626, orig_to=1853)"
1832,Mothel,78331.93874447283,0.7736869844878546,2.259731015719614,100.41089997584469,-152.8492324821584,"'Cullenagh to  Mothel' (orig_from=1683, orig_to=1835)"
1833,Test_PV,117845.63031927486,1.1639649396935636,1.92662816338619,8.572133389272766,-18.59978954194495,"''Corduff' to     'Finglas'' (orig_from=1679, orig_to=1640)"
1834,Test_PV_2,117728.65341263037,1.1628095551645057,0.8952606869306597,34.1906316344215,-6.3907733100983855,"''Kilnap' to      'Marina'' (orig_from=739, orig_to=1526)"
1836,Flanagan BESS,158903.68136149197,1.569496581179238,0.9372999121985262,134.20983760774513,-35.433412053288286,"''Cahir' to   'Kill Hill'' (orig_from=1709, orig_to=1651)"
1837,Curraghmore,149945.83403917876,1.4810196458015583,1.5173979222090834,55.62352598346584,-68.37862514471524,"''Cahir' to        'Doon'' (orig_from=1709, orig_to=1667)"
1841,Coom_Green_Mallow,116442.01374229921,1.150101375300501,1.2181216692583956,57.0257850865148,-10.81197955320311,"''Kilnap' to      'Marina'' (orig_from=739, orig_to=1526)"
1842,Coom Green 220kV,117579.96884716858,1.1613409931074974,1.338384334487047,25.82264504800103,-6.231897739235427,"''Great Island' to      Offshore GC' (orig_from=1626, orig_to=1853)"
1843,Modelligo,102685.62104328813,1.014229058652656,2.244895499246492,38.53152466755613,-56.0789145948764,"''Great Island' to      Offshore GC' (orig_from=1626, orig_to=1853)"
1844,Seven Hills,150652.1330618586,1.4879957831187574,2.079248161235973,22.69176917897945,-6.234790184095229,"''Lanesboro' to  'Sliabh Bawn'' (orig_from=1566, orig_to=151)"
1845,Roscommon,156743.0454317797,1.548155913198476,2.1251868003019765,24.18609223610909,-11.15637233780804,"''Lanesboro' to  'Sliabh Bawn'' (orig_from=1566, orig_to=151)"
1846,Ballygar,156742.84022418587,1.5481538863567175,2.1251840179196284,24.18606057433552,-11.1563577331222,"''Lanesboro' to  'Sliabh Bawn'' (orig_from=1566, orig_to=151)"
1847,Offshore GC,64384.22996214023,0.6359250329610373,2.2088827202014136,46.8337908092206,-60.94050858567236,"'Lodgewood to   Offshore GC 2' (orig_from=1550, orig_to=1853)"
1848,Feamore,150652.33027418112,1.4879977309909735,2.0792508831828727,22.691798884568183,-6.234798345994392,"''Lanesboro' to  'Sliabh Bawn'' (orig_from=1566, orig_to=151)"
1849,Knockfinglas break in,0.0,0.0,0.0,0.0,0.0,"''INCHICORE' to  'Poolbeg Sout' 2' (orig_from=756, orig_to=1496)"
1851,Rathcoursey,116493.30588127393,1.1506079893453893,1.5083572091799642,27.07660187548833,-13.282210330273818,"''Great Island' to      Offshore GC' (orig_from=1626, orig_to=1853)"
1852,Ballydonagh,118196.80743536013,1.1674335269431588,1.9511138578079597,15.596300498758744,-11.955611297621951,"''Cashla' to  'Shantallow'' (orig_from=1718, orig_to=1454)"
1853,Paddock,95392.12515413194,0.9421909739160643,1.7407795194921554,18.66893432692982,-13.638050604165148,"''Castlebagot' to  'Maynooth A'' (orig_from=1568, orig_to=1538)"
1854,Ballyvalode,188963.8226648135,1.866401527629152,0.9093030063237906,123.1249505932648,-20.40753705865142,"'Killonan to   Ballyvalode' (orig_from=707, orig_to=1860)"
1855,Coolcor,88640.02000451699,0.8755002222778112,2.08806490225,68.27442784672193,-27.731915237892203,"''Coolcarrigan' to     'Blake T'' (orig_from=1819, orig_to=1305)"
1860,Kish DC,94684.04622734232,0.9351972564308589,2.1946989046854037,11.873859110419874,-35.009343583978655,"''INCHICORE' to  'Poolbeg Sout'' (orig_from=756, orig_to=1496)"
1863,Coumnag,0.0,0.0,0.0,0.0,0.0,"''INCHICORE' to  'Poolbeg Sout' 2' (orig_from=756, orig_to=1496)"
1864,Loughryan,0.0,0.0,0.0,0.0,0.0,"''INCHICORE' to  'Poolbeg Sout' 2' (orig_from=756, orig_to=1496)"
